# https://github.com/mikedh/trimesh

o geometry_0
v -8.00000000 -6.00000000 -3.00000000
v -8.00000000 -6.00000000 0.00000000
v -8.00000000 6.00000000 -3.00000000
v -8.00000000 6.00000000 0.00000000
v 8.00000000 -6.00000000 -3.00000000
v 8.00000000 -6.00000000 0.00000000
v 8.00000000 6.00000000 -3.00000000
v 8.00000000 6.00000000 0.00000000
f 2 4 1
f 5 2 1
f 1 4 3
f 3 5 1
f 2 8 4
f 6 2 5
f 6 8 2
f 4 8 3
f 7 5 3
f 3 8 7
f 7 6 5
f 8 6 7

o geometry_1
v -8.00000000 -6.00000000 -5.30000000
v -8.00000000 -6.00000000 -3.00000000
v -8.00000000 6.00000000 -5.30000000
v -8.00000000 6.00000000 -3.00000000
v 8.00000000 -6.00000000 -5.30000000
v 8.00000000 -6.00000000 -3.00000000
v 8.00000000 6.00000000 -5.30000000
v 8.00000000 6.00000000 -3.00000000
f 10 12 9
f 13 10 9
f 9 12 11
f 11 13 9
f 10 16 12
f 14 10 13
f 14 16 10
f 12 16 11
f 15 13 11
f 11 16 15
f 15 14 13
f 16 14 15

o geometry_2
v -8.00000000 -6.00000000 -8.10000000
v -8.00000000 -6.00000000 -5.30000000
v -8.00000000 6.00000000 -8.10000000
v -8.00000000 6.00000000 -5.30000000
v 8.00000000 -6.00000000 -8.10000000
v 8.00000000 -6.00000000 -5.30000000
v 8.00000000 6.00000000 -8.10000000
v 8.00000000 6.00000000 -5.30000000
f 18 20 17
f 21 18 17
f 17 20 19
f 19 21 17
f 18 24 20
f 22 18 21
f 22 24 18
f 20 24 19
f 23 21 19
f 19 24 23
f 23 22 21
f 24 22 23

o geometry_3
v -8.00000000 -6.00000000 -10.10000000
v -8.00000000 -6.00000000 -8.10000000
v -8.00000000 6.00000000 -10.10000000
v -8.00000000 6.00000000 -8.10000000
v 8.00000000 -6.00000000 -10.10000000
v 8.00000000 -6.00000000 -8.10000000
v 8.00000000 6.00000000 -10.10000000
v 8.00000000 6.00000000 -8.10000000
f 26 28 25
f 29 26 25
f 25 28 27
f 27 29 25
f 26 32 28
f 30 26 29
f 30 32 26
f 28 32 27
f 31 29 27
f 27 32 31
f 31 30 29
f 32 30 31

o geometry_4
v -8.00000000 -6.00000000 -11.70000000
v -8.00000000 -6.00000000 -10.10000000
v -8.00000000 6.00000000 -11.70000000
v -8.00000000 6.00000000 -10.10000000
v 8.00000000 -6.00000000 -11.70000000
v 8.00000000 -6.00000000 -10.10000000
v 8.00000000 6.00000000 -11.70000000
v 8.00000000 6.00000000 -10.10000000
f 34 36 33
f 37 34 33
f 33 36 35
f 35 37 33
f 34 40 36
f 38 34 37
f 38 40 34
f 36 40 35
f 39 37 35
f 35 40 39
f 39 38 37
f 40 38 39

o geometry_5
v -8.00000000 -6.00000000 -17.70000000
v -8.00000000 -6.00000000 -11.70000000
v -8.00000000 6.00000000 -17.70000000
v -8.00000000 6.00000000 -11.70000000
v 8.00000000 -6.00000000 -17.70000000
v 8.00000000 -6.00000000 -11.70000000
v 8.00000000 6.00000000 -17.70000000
v 8.00000000 6.00000000 -11.70000000
f 42 44 41
f 45 42 41
f 41 44 43
f 43 45 41
f 42 48 44
f 46 42 45
f 46 48 42
f 44 48 43
f 47 45 43
f 43 48 47
f 47 46 45
f 48 46 47

o geometry_6
v 0.48000000 0.00000000 -2.20000000
v 0.47589353 0.06265257 -2.20000000
v 0.46364440 0.12423314 -2.20000000
v 0.44346218 0.18368805 -2.20000000
v 0.41569219 0.24000000 -2.20000000
v 0.38080960 0.29220549 -2.20000000
v 0.33941125 0.33941125 -2.20000000
v 0.29220549 0.38080960 -2.20000000
v 0.24000000 0.41569219 -2.20000000
v 0.18368805 0.44346218 -2.20000000
v 0.12423314 0.46364440 -2.20000000
v 0.06265257 0.47589353 -2.20000000
v 0.00000000 0.48000000 -2.20000000
v -0.06265257 0.47589353 -2.20000000
v -0.12423314 0.46364440 -2.20000000
v -0.18368805 0.44346218 -2.20000000
v -0.24000000 0.41569219 -2.20000000
v -0.29220549 0.38080960 -2.20000000
v -0.33941125 0.33941125 -2.20000000
v -0.38080960 0.29220549 -2.20000000
v -0.41569219 0.24000000 -2.20000000
v -0.44346218 0.18368805 -2.20000000
v -0.46364440 0.12423314 -2.20000000
v -0.47589353 0.06265257 -2.20000000
v -0.48000000 0.00000000 -2.20000000
v -0.47589353 -0.06265257 -2.20000000
v -0.46364440 -0.12423314 -2.20000000
v -0.44346218 -0.18368805 -2.20000000
v -0.41569219 -0.24000000 -2.20000000
v -0.38080960 -0.29220549 -2.20000000
v -0.33941125 -0.33941125 -2.20000000
v -0.29220549 -0.38080960 -2.20000000
v -0.24000000 -0.41569219 -2.20000000
v -0.18368805 -0.44346218 -2.20000000
v -0.12423314 -0.46364440 -2.20000000
v -0.06265257 -0.47589353 -2.20000000
v -0.00000000 -0.48000000 -2.20000000
v 0.06265257 -0.47589353 -2.20000000
v 0.12423314 -0.46364440 -2.20000000
v 0.18368805 -0.44346218 -2.20000000
v 0.24000000 -0.41569219 -2.20000000
v 0.29220549 -0.38080960 -2.20000000
v 0.33941125 -0.33941125 -2.20000000
v 0.38080960 -0.29220549 -2.20000000
v 0.41569219 -0.24000000 -2.20000000
v 0.44346218 -0.18368805 -2.20000000
v 0.46364440 -0.12423314 -2.20000000
v 0.47589353 -0.06265257 -2.20000000
v 0.38000000 0.00000000 -2.20000000
v 0.37674905 0.04959995 -2.20000000
v 0.36705181 0.09835124 -2.20000000
v 0.35107422 0.14541970 -2.20000000
v 0.32908965 0.19000000 -2.20000000
v 0.30147427 0.23132934 -2.20000000
v 0.26870058 0.26870058 -2.20000000
v 0.23132934 0.30147427 -2.20000000
v 0.19000000 0.32908965 -2.20000000
v 0.14541970 0.35107422 -2.20000000
v 0.09835124 0.36705181 -2.20000000
v 0.04959995 0.37674905 -2.20000000
v 0.00000000 0.38000000 -2.20000000
v -0.04959995 0.37674905 -2.20000000
v -0.09835124 0.36705181 -2.20000000
v -0.14541970 0.35107422 -2.20000000
v -0.19000000 0.32908965 -2.20000000
v -0.23132934 0.30147427 -2.20000000
v -0.26870058 0.26870058 -2.20000000
v -0.30147427 0.23132934 -2.20000000
v -0.32908965 0.19000000 -2.20000000
v -0.35107422 0.14541970 -2.20000000
v -0.36705181 0.09835124 -2.20000000
v -0.37674905 0.04959995 -2.20000000
v -0.38000000 0.00000000 -2.20000000
v -0.37674905 -0.04959995 -2.20000000
v -0.36705181 -0.09835124 -2.20000000
v -0.35107422 -0.14541970 -2.20000000
v -0.32908965 -0.19000000 -2.20000000
v -0.30147427 -0.23132934 -2.20000000
v -0.26870058 -0.26870058 -2.20000000
v -0.23132934 -0.30147427 -2.20000000
v -0.19000000 -0.32908965 -2.20000000
v -0.14541970 -0.35107422 -2.20000000
v -0.09835124 -0.36705181 -2.20000000
v -0.04959995 -0.37674905 -2.20000000
v -0.00000000 -0.38000000 -2.20000000
v 0.04959995 -0.37674905 -2.20000000
v 0.09835124 -0.36705181 -2.20000000
v 0.14541970 -0.35107422 -2.20000000
v 0.19000000 -0.32908965 -2.20000000
v 0.23132934 -0.30147427 -2.20000000
v 0.26870058 -0.26870058 -2.20000000
v 0.30147427 -0.23132934 -2.20000000
v 0.32908965 -0.19000000 -2.20000000
v 0.35107422 -0.14541970 -2.20000000
v 0.36705181 -0.09835124 -2.20000000
v 0.37674905 -0.04959995 -2.20000000
v 0.48000000 0.00000000 0.00000000
v 0.47589353 0.06265257 0.00000000
v 0.46364440 0.12423314 0.00000000
v 0.44346218 0.18368805 0.00000000
v 0.41569219 0.24000000 0.00000000
v 0.38080960 0.29220549 0.00000000
v 0.33941125 0.33941125 0.00000000
v 0.29220549 0.38080960 0.00000000
v 0.24000000 0.41569219 0.00000000
v 0.18368805 0.44346218 0.00000000
v 0.12423314 0.46364440 0.00000000
v 0.06265257 0.47589353 0.00000000
v 0.00000000 0.48000000 0.00000000
v -0.06265257 0.47589353 0.00000000
v -0.12423314 0.46364440 0.00000000
v -0.18368805 0.44346218 0.00000000
v -0.24000000 0.41569219 0.00000000
v -0.29220549 0.38080960 0.00000000
v -0.33941125 0.33941125 0.00000000
v -0.38080960 0.29220549 0.00000000
v -0.41569219 0.24000000 0.00000000
v -0.44346218 0.18368805 0.00000000
v -0.46364440 0.12423314 0.00000000
v -0.47589353 0.06265257 0.00000000
v -0.48000000 0.00000000 0.00000000
v -0.47589353 -0.06265257 0.00000000
v -0.46364440 -0.12423314 0.00000000
v -0.44346218 -0.18368805 0.00000000
v -0.41569219 -0.24000000 0.00000000
v -0.38080960 -0.29220549 0.00000000
v -0.33941125 -0.33941125 0.00000000
v -0.29220549 -0.38080960 0.00000000
v -0.24000000 -0.41569219 0.00000000
v -0.18368805 -0.44346218 0.00000000
v -0.12423314 -0.46364440 0.00000000
v -0.06265257 -0.47589353 0.00000000
v -0.00000000 -0.48000000 0.00000000
v 0.06265257 -0.47589353 0.00000000
v 0.12423314 -0.46364440 0.00000000
v 0.18368805 -0.44346218 0.00000000
v 0.24000000 -0.41569219 0.00000000
v 0.29220549 -0.38080960 0.00000000
v 0.33941125 -0.33941125 0.00000000
v 0.38080960 -0.29220549 0.00000000
v 0.41569219 -0.24000000 0.00000000
v 0.44346218 -0.18368805 0.00000000
v 0.46364440 -0.12423314 0.00000000
v 0.47589353 -0.06265257 0.00000000
v 0.38000000 0.00000000 0.00000000
v 0.37674905 0.04959995 0.00000000
v 0.36705181 0.09835124 0.00000000
v 0.35107422 0.14541970 0.00000000
v 0.32908965 0.19000000 0.00000000
v 0.30147427 0.23132934 0.00000000
v 0.26870058 0.26870058 0.00000000
v 0.23132934 0.30147427 0.00000000
v 0.19000000 0.32908965 0.00000000
v 0.14541970 0.35107422 0.00000000
v 0.09835124 0.36705181 0.00000000
v 0.04959995 0.37674905 0.00000000
v 0.00000000 0.38000000 0.00000000
v -0.04959995 0.37674905 0.00000000
v -0.09835124 0.36705181 0.00000000
v -0.14541970 0.35107422 0.00000000
v -0.19000000 0.32908965 0.00000000
v -0.23132934 0.30147427 0.00000000
v -0.26870058 0.26870058 0.00000000
v -0.30147427 0.23132934 0.00000000
v -0.32908965 0.19000000 0.00000000
v -0.35107422 0.14541970 0.00000000
v -0.36705181 0.09835124 0.00000000
v -0.37674905 0.04959995 0.00000000
v -0.38000000 0.00000000 0.00000000
v -0.37674905 -0.04959995 0.00000000
v -0.36705181 -0.09835124 0.00000000
v -0.35107422 -0.14541970 0.00000000
v -0.32908965 -0.19000000 0.00000000
v -0.30147427 -0.23132934 0.00000000
v -0.26870058 -0.26870058 0.00000000
v -0.23132934 -0.30147427 0.00000000
v -0.19000000 -0.32908965 0.00000000
v -0.14541970 -0.35107422 0.00000000
v -0.09835124 -0.36705181 0.00000000
v -0.04959995 -0.37674905 0.00000000
v -0.00000000 -0.38000000 0.00000000
v 0.04959995 -0.37674905 0.00000000
v 0.09835124 -0.36705181 0.00000000
v 0.14541970 -0.35107422 0.00000000
v 0.19000000 -0.32908965 0.00000000
v 0.23132934 -0.30147427 0.00000000
v 0.26870058 -0.26870058 0.00000000
v 0.30147427 -0.23132934 0.00000000
v 0.32908965 -0.19000000 0.00000000
v 0.35107422 -0.14541970 0.00000000
v 0.36705181 -0.09835124 0.00000000
v 0.37674905 -0.04959995 0.00000000
f 49 50 146
f 49 146 145
f 98 97 193
f 98 193 194
f 145 146 194
f 145 194 193
f 50 49 97
f 50 97 98
f 50 51 147
f 50 147 146
f 99 98 194
f 99 194 195
f 146 147 195
f 146 195 194
f 51 50 98
f 51 98 99
f 51 52 148
f 51 148 147
f 100 99 195
f 100 195 196
f 147 148 196
f 147 196 195
f 52 51 99
f 52 99 100
f 52 53 149
f 52 149 148
f 101 100 196
f 101 196 197
f 148 149 197
f 148 197 196
f 53 52 100
f 53 100 101
f 53 54 150
f 53 150 149
f 102 101 197
f 102 197 198
f 149 150 198
f 149 198 197
f 54 53 101
f 54 101 102
f 54 55 151
f 54 151 150
f 103 102 198
f 103 198 199
f 150 151 199
f 150 199 198
f 55 54 102
f 55 102 103
f 55 56 152
f 55 152 151
f 104 103 199
f 104 199 200
f 151 152 200
f 151 200 199
f 56 55 103
f 56 103 104
f 56 57 153
f 56 153 152
f 105 104 200
f 105 200 201
f 152 153 201
f 152 201 200
f 57 56 104
f 57 104 105
f 57 58 154
f 57 154 153
f 106 105 201
f 106 201 202
f 153 154 202
f 153 202 201
f 58 57 105
f 58 105 106
f 58 59 155
f 58 155 154
f 107 106 202
f 107 202 203
f 154 155 203
f 154 203 202
f 59 58 106
f 59 106 107
f 59 60 156
f 59 156 155
f 108 107 203
f 108 203 204
f 155 156 204
f 155 204 203
f 60 59 107
f 60 107 108
f 60 61 157
f 60 157 156
f 109 108 204
f 109 204 205
f 156 157 205
f 156 205 204
f 61 60 108
f 61 108 109
f 61 62 158
f 61 158 157
f 110 109 205
f 110 205 206
f 157 158 206
f 157 206 205
f 62 61 109
f 62 109 110
f 62 63 159
f 62 159 158
f 111 110 206
f 111 206 207
f 158 159 207
f 158 207 206
f 63 62 110
f 63 110 111
f 63 64 160
f 63 160 159
f 112 111 207
f 112 207 208
f 159 160 208
f 159 208 207
f 64 63 111
f 64 111 112
f 64 65 161
f 64 161 160
f 113 112 208
f 113 208 209
f 160 161 209
f 160 209 208
f 65 64 112
f 65 112 113
f 65 66 162
f 65 162 161
f 114 113 209
f 114 209 210
f 161 162 210
f 161 210 209
f 66 65 113
f 66 113 114
f 66 67 163
f 66 163 162
f 115 114 210
f 115 210 211
f 162 163 211
f 162 211 210
f 67 66 114
f 67 114 115
f 67 68 164
f 67 164 163
f 116 115 211
f 116 211 212
f 163 164 212
f 163 212 211
f 68 67 115
f 68 115 116
f 68 69 165
f 68 165 164
f 117 116 212
f 117 212 213
f 164 165 213
f 164 213 212
f 69 68 116
f 69 116 117
f 69 70 166
f 69 166 165
f 118 117 213
f 118 213 214
f 165 166 214
f 165 214 213
f 70 69 117
f 70 117 118
f 70 71 167
f 70 167 166
f 119 118 214
f 119 214 215
f 166 167 215
f 166 215 214
f 71 70 118
f 71 118 119
f 71 72 168
f 71 168 167
f 120 119 215
f 120 215 216
f 167 168 216
f 167 216 215
f 72 71 119
f 72 119 120
f 72 73 169
f 72 169 168
f 121 120 216
f 121 216 217
f 168 169 217
f 168 217 216
f 73 72 120
f 73 120 121
f 73 74 170
f 73 170 169
f 122 121 217
f 122 217 218
f 169 170 218
f 169 218 217
f 74 73 121
f 74 121 122
f 74 75 171
f 74 171 170
f 123 122 218
f 123 218 219
f 170 171 219
f 170 219 218
f 75 74 122
f 75 122 123
f 75 76 172
f 75 172 171
f 124 123 219
f 124 219 220
f 171 172 220
f 171 220 219
f 76 75 123
f 76 123 124
f 76 77 173
f 76 173 172
f 125 124 220
f 125 220 221
f 172 173 221
f 172 221 220
f 77 76 124
f 77 124 125
f 77 78 174
f 77 174 173
f 126 125 221
f 126 221 222
f 173 174 222
f 173 222 221
f 78 77 125
f 78 125 126
f 78 79 175
f 78 175 174
f 127 126 222
f 127 222 223
f 174 175 223
f 174 223 222
f 79 78 126
f 79 126 127
f 79 80 176
f 79 176 175
f 128 127 223
f 128 223 224
f 175 176 224
f 175 224 223
f 80 79 127
f 80 127 128
f 80 81 177
f 80 177 176
f 129 128 224
f 129 224 225
f 176 177 225
f 176 225 224
f 81 80 128
f 81 128 129
f 81 82 178
f 81 178 177
f 130 129 225
f 130 225 226
f 177 178 226
f 177 226 225
f 82 81 129
f 82 129 130
f 82 83 179
f 82 179 178
f 131 130 226
f 131 226 227
f 178 179 227
f 178 227 226
f 83 82 130
f 83 130 131
f 83 84 180
f 83 180 179
f 132 131 227
f 132 227 228
f 179 180 228
f 179 228 227
f 84 83 131
f 84 131 132
f 84 85 181
f 84 181 180
f 133 132 228
f 133 228 229
f 180 181 229
f 180 229 228
f 85 84 132
f 85 132 133
f 85 86 182
f 85 182 181
f 134 133 229
f 134 229 230
f 181 182 230
f 181 230 229
f 86 85 133
f 86 133 134
f 86 87 183
f 86 183 182
f 135 134 230
f 135 230 231
f 182 183 231
f 182 231 230
f 87 86 134
f 87 134 135
f 87 88 184
f 87 184 183
f 136 135 231
f 136 231 232
f 183 184 232
f 183 232 231
f 88 87 135
f 88 135 136
f 88 89 185
f 88 185 184
f 137 136 232
f 137 232 233
f 184 185 233
f 184 233 232
f 89 88 136
f 89 136 137
f 89 90 186
f 89 186 185
f 138 137 233
f 138 233 234
f 185 186 234
f 185 234 233
f 90 89 137
f 90 137 138
f 90 91 187
f 90 187 186
f 139 138 234
f 139 234 235
f 186 187 235
f 186 235 234
f 91 90 138
f 91 138 139
f 91 92 188
f 91 188 187
f 140 139 235
f 140 235 236
f 187 188 236
f 187 236 235
f 92 91 139
f 92 139 140
f 92 93 189
f 92 189 188
f 141 140 236
f 141 236 237
f 188 189 237
f 188 237 236
f 93 92 140
f 93 140 141
f 93 94 190
f 93 190 189
f 142 141 237
f 142 237 238
f 189 190 238
f 189 238 237
f 94 93 141
f 94 141 142
f 94 95 191
f 94 191 190
f 143 142 238
f 143 238 239
f 190 191 239
f 190 239 238
f 95 94 142
f 95 142 143
f 95 96 192
f 95 192 191
f 144 143 239
f 144 239 240
f 191 192 240
f 191 240 239
f 96 95 143
f 96 143 144
f 96 49 145
f 96 145 192
f 97 144 240
f 97 240 193
f 192 145 193
f 192 193 240
f 49 96 144
f 49 144 97

o geometry_7
v 0.37000000 0.00000000 -7.75000000
v 0.36683460 0.04829469 -7.75000000
v 0.35739256 0.09576305 -7.75000000
v 0.34183543 0.14159287 -7.75000000
v 0.32042940 0.18500000 -7.75000000
v 0.29354074 0.22524173 -7.75000000
v 0.26162951 0.26162951 -7.75000000
v 0.22524173 0.29354074 -7.75000000
v 0.18500000 0.32042940 -7.75000000
v 0.14159287 0.34183543 -7.75000000
v 0.09576305 0.35739256 -7.75000000
v 0.04829469 0.36683460 -7.75000000
v 0.00000000 0.37000000 -7.75000000
v -0.04829469 0.36683460 -7.75000000
v -0.09576305 0.35739256 -7.75000000
v -0.14159287 0.34183543 -7.75000000
v -0.18500000 0.32042940 -7.75000000
v -0.22524173 0.29354074 -7.75000000
v -0.26162951 0.26162951 -7.75000000
v -0.29354074 0.22524173 -7.75000000
v -0.32042940 0.18500000 -7.75000000
v -0.34183543 0.14159287 -7.75000000
v -0.35739256 0.09576305 -7.75000000
v -0.36683460 0.04829469 -7.75000000
v -0.37000000 0.00000000 -7.75000000
v -0.36683460 -0.04829469 -7.75000000
v -0.35739256 -0.09576305 -7.75000000
v -0.34183543 -0.14159287 -7.75000000
v -0.32042940 -0.18500000 -7.75000000
v -0.29354074 -0.22524173 -7.75000000
v -0.26162951 -0.26162951 -7.75000000
v -0.22524173 -0.29354074 -7.75000000
v -0.18500000 -0.32042940 -7.75000000
v -0.14159287 -0.34183543 -7.75000000
v -0.09576305 -0.35739256 -7.75000000
v -0.04829469 -0.36683460 -7.75000000
v -0.00000000 -0.37000000 -7.75000000
v 0.04829469 -0.36683460 -7.75000000
v 0.09576305 -0.35739256 -7.75000000
v 0.14159287 -0.34183543 -7.75000000
v 0.18500000 -0.32042940 -7.75000000
v 0.22524173 -0.29354074 -7.75000000
v 0.26162951 -0.26162951 -7.75000000
v 0.29354074 -0.22524173 -7.75000000
v 0.32042940 -0.18500000 -7.75000000
v 0.34183543 -0.14159287 -7.75000000
v 0.35739256 -0.09576305 -7.75000000
v 0.36683460 -0.04829469 -7.75000000
v 0.29000000 0.00000000 -7.75000000
v 0.28751901 0.03785260 -7.75000000
v 0.28011849 0.07505752 -7.75000000
v 0.26792506 0.11097820 -7.75000000
v 0.25114737 0.14500000 -7.75000000
v 0.23007247 0.17654081 -7.75000000
v 0.20506097 0.20506097 -7.75000000
v 0.17654081 0.23007247 -7.75000000
v 0.14500000 0.25114737 -7.75000000
v 0.11097820 0.26792506 -7.75000000
v 0.07505752 0.28011849 -7.75000000
v 0.03785260 0.28751901 -7.75000000
v 0.00000000 0.29000000 -7.75000000
v -0.03785260 0.28751901 -7.75000000
v -0.07505752 0.28011849 -7.75000000
v -0.11097820 0.26792506 -7.75000000
v -0.14500000 0.25114737 -7.75000000
v -0.17654081 0.23007247 -7.75000000
v -0.20506097 0.20506097 -7.75000000
v -0.23007247 0.17654081 -7.75000000
v -0.25114737 0.14500000 -7.75000000
v -0.26792506 0.11097820 -7.75000000
v -0.28011849 0.07505752 -7.75000000
v -0.28751901 0.03785260 -7.75000000
v -0.29000000 0.00000000 -7.75000000
v -0.28751901 -0.03785260 -7.75000000
v -0.28011849 -0.07505752 -7.75000000
v -0.26792506 -0.11097820 -7.75000000
v -0.25114737 -0.14500000 -7.75000000
v -0.23007247 -0.17654081 -7.75000000
v -0.20506097 -0.20506097 -7.75000000
v -0.17654081 -0.23007247 -7.75000000
v -0.14500000 -0.25114737 -7.75000000
v -0.11097820 -0.26792506 -7.75000000
v -0.07505752 -0.28011849 -7.75000000
v -0.03785260 -0.28751901 -7.75000000
v -0.00000000 -0.29000000 -7.75000000
v 0.03785260 -0.28751901 -7.75000000
v 0.07505752 -0.28011849 -7.75000000
v 0.11097820 -0.26792506 -7.75000000
v 0.14500000 -0.25114737 -7.75000000
v 0.17654081 -0.23007247 -7.75000000
v 0.20506097 -0.20506097 -7.75000000
v 0.23007247 -0.17654081 -7.75000000
v 0.25114737 -0.14500000 -7.75000000
v 0.26792506 -0.11097820 -7.75000000
v 0.28011849 -0.07505752 -7.75000000
v 0.28751901 -0.03785260 -7.75000000
v 0.37000000 0.00000000 -2.25000000
v 0.36683460 0.04829469 -2.25000000
v 0.35739256 0.09576305 -2.25000000
v 0.34183543 0.14159287 -2.25000000
v 0.32042940 0.18500000 -2.25000000
v 0.29354074 0.22524173 -2.25000000
v 0.26162951 0.26162951 -2.25000000
v 0.22524173 0.29354074 -2.25000000
v 0.18500000 0.32042940 -2.25000000
v 0.14159287 0.34183543 -2.25000000
v 0.09576305 0.35739256 -2.25000000
v 0.04829469 0.36683460 -2.25000000
v 0.00000000 0.37000000 -2.25000000
v -0.04829469 0.36683460 -2.25000000
v -0.09576305 0.35739256 -2.25000000
v -0.14159287 0.34183543 -2.25000000
v -0.18500000 0.32042940 -2.25000000
v -0.22524173 0.29354074 -2.25000000
v -0.26162951 0.26162951 -2.25000000
v -0.29354074 0.22524173 -2.25000000
v -0.32042940 0.18500000 -2.25000000
v -0.34183543 0.14159287 -2.25000000
v -0.35739256 0.09576305 -2.25000000
v -0.36683460 0.04829469 -2.25000000
v -0.37000000 0.00000000 -2.25000000
v -0.36683460 -0.04829469 -2.25000000
v -0.35739256 -0.09576305 -2.25000000
v -0.34183543 -0.14159287 -2.25000000
v -0.32042940 -0.18500000 -2.25000000
v -0.29354074 -0.22524173 -2.25000000
v -0.26162951 -0.26162951 -2.25000000
v -0.22524173 -0.29354074 -2.25000000
v -0.18500000 -0.32042940 -2.25000000
v -0.14159287 -0.34183543 -2.25000000
v -0.09576305 -0.35739256 -2.25000000
v -0.04829469 -0.36683460 -2.25000000
v -0.00000000 -0.37000000 -2.25000000
v 0.04829469 -0.36683460 -2.25000000
v 0.09576305 -0.35739256 -2.25000000
v 0.14159287 -0.34183543 -2.25000000
v 0.18500000 -0.32042940 -2.25000000
v 0.22524173 -0.29354074 -2.25000000
v 0.26162951 -0.26162951 -2.25000000
v 0.29354074 -0.22524173 -2.25000000
v 0.32042940 -0.18500000 -2.25000000
v 0.34183543 -0.14159287 -2.25000000
v 0.35739256 -0.09576305 -2.25000000
v 0.36683460 -0.04829469 -2.25000000
v 0.29000000 0.00000000 -2.25000000
v 0.28751901 0.03785260 -2.25000000
v 0.28011849 0.07505752 -2.25000000
v 0.26792506 0.11097820 -2.25000000
v 0.25114737 0.14500000 -2.25000000
v 0.23007247 0.17654081 -2.25000000
v 0.20506097 0.20506097 -2.25000000
v 0.17654081 0.23007247 -2.25000000
v 0.14500000 0.25114737 -2.25000000
v 0.11097820 0.26792506 -2.25000000
v 0.07505752 0.28011849 -2.25000000
v 0.03785260 0.28751901 -2.25000000
v 0.00000000 0.29000000 -2.25000000
v -0.03785260 0.28751901 -2.25000000
v -0.07505752 0.28011849 -2.25000000
v -0.11097820 0.26792506 -2.25000000
v -0.14500000 0.25114737 -2.25000000
v -0.17654081 0.23007247 -2.25000000
v -0.20506097 0.20506097 -2.25000000
v -0.23007247 0.17654081 -2.25000000
v -0.25114737 0.14500000 -2.25000000
v -0.26792506 0.11097820 -2.25000000
v -0.28011849 0.07505752 -2.25000000
v -0.28751901 0.03785260 -2.25000000
v -0.29000000 0.00000000 -2.25000000
v -0.28751901 -0.03785260 -2.25000000
v -0.28011849 -0.07505752 -2.25000000
v -0.26792506 -0.11097820 -2.25000000
v -0.25114737 -0.14500000 -2.25000000
v -0.23007247 -0.17654081 -2.25000000
v -0.20506097 -0.20506097 -2.25000000
v -0.17654081 -0.23007247 -2.25000000
v -0.14500000 -0.25114737 -2.25000000
v -0.11097820 -0.26792506 -2.25000000
v -0.07505752 -0.28011849 -2.25000000
v -0.03785260 -0.28751901 -2.25000000
v -0.00000000 -0.29000000 -2.25000000
v 0.03785260 -0.28751901 -2.25000000
v 0.07505752 -0.28011849 -2.25000000
v 0.11097820 -0.26792506 -2.25000000
v 0.14500000 -0.25114737 -2.25000000
v 0.17654081 -0.23007247 -2.25000000
v 0.20506097 -0.20506097 -2.25000000
v 0.23007247 -0.17654081 -2.25000000
v 0.25114737 -0.14500000 -2.25000000
v 0.26792506 -0.11097820 -2.25000000
v 0.28011849 -0.07505752 -2.25000000
v 0.28751901 -0.03785260 -2.25000000
f 241 242 338
f 241 338 337
f 290 289 385
f 290 385 386
f 337 338 386
f 337 386 385
f 242 241 289
f 242 289 290
f 242 243 339
f 242 339 338
f 291 290 386
f 291 386 387
f 338 339 387
f 338 387 386
f 243 242 290
f 243 290 291
f 243 244 340
f 243 340 339
f 292 291 387
f 292 387 388
f 339 340 388
f 339 388 387
f 244 243 291
f 244 291 292
f 244 245 341
f 244 341 340
f 293 292 388
f 293 388 389
f 340 341 389
f 340 389 388
f 245 244 292
f 245 292 293
f 245 246 342
f 245 342 341
f 294 293 389
f 294 389 390
f 341 342 390
f 341 390 389
f 246 245 293
f 246 293 294
f 246 247 343
f 246 343 342
f 295 294 390
f 295 390 391
f 342 343 391
f 342 391 390
f 247 246 294
f 247 294 295
f 247 248 344
f 247 344 343
f 296 295 391
f 296 391 392
f 343 344 392
f 343 392 391
f 248 247 295
f 248 295 296
f 248 249 345
f 248 345 344
f 297 296 392
f 297 392 393
f 344 345 393
f 344 393 392
f 249 248 296
f 249 296 297
f 249 250 346
f 249 346 345
f 298 297 393
f 298 393 394
f 345 346 394
f 345 394 393
f 250 249 297
f 250 297 298
f 250 251 347
f 250 347 346
f 299 298 394
f 299 394 395
f 346 347 395
f 346 395 394
f 251 250 298
f 251 298 299
f 251 252 348
f 251 348 347
f 300 299 395
f 300 395 396
f 347 348 396
f 347 396 395
f 252 251 299
f 252 299 300
f 252 253 349
f 252 349 348
f 301 300 396
f 301 396 397
f 348 349 397
f 348 397 396
f 253 252 300
f 253 300 301
f 253 254 350
f 253 350 349
f 302 301 397
f 302 397 398
f 349 350 398
f 349 398 397
f 254 253 301
f 254 301 302
f 254 255 351
f 254 351 350
f 303 302 398
f 303 398 399
f 350 351 399
f 350 399 398
f 255 254 302
f 255 302 303
f 255 256 352
f 255 352 351
f 304 303 399
f 304 399 400
f 351 352 400
f 351 400 399
f 256 255 303
f 256 303 304
f 256 257 353
f 256 353 352
f 305 304 400
f 305 400 401
f 352 353 401
f 352 401 400
f 257 256 304
f 257 304 305
f 257 258 354
f 257 354 353
f 306 305 401
f 306 401 402
f 353 354 402
f 353 402 401
f 258 257 305
f 258 305 306
f 258 259 355
f 258 355 354
f 307 306 402
f 307 402 403
f 354 355 403
f 354 403 402
f 259 258 306
f 259 306 307
f 259 260 356
f 259 356 355
f 308 307 403
f 308 403 404
f 355 356 404
f 355 404 403
f 260 259 307
f 260 307 308
f 260 261 357
f 260 357 356
f 309 308 404
f 309 404 405
f 356 357 405
f 356 405 404
f 261 260 308
f 261 308 309
f 261 262 358
f 261 358 357
f 310 309 405
f 310 405 406
f 357 358 406
f 357 406 405
f 262 261 309
f 262 309 310
f 262 263 359
f 262 359 358
f 311 310 406
f 311 406 407
f 358 359 407
f 358 407 406
f 263 262 310
f 263 310 311
f 263 264 360
f 263 360 359
f 312 311 407
f 312 407 408
f 359 360 408
f 359 408 407
f 264 263 311
f 264 311 312
f 264 265 361
f 264 361 360
f 313 312 408
f 313 408 409
f 360 361 409
f 360 409 408
f 265 264 312
f 265 312 313
f 265 266 362
f 265 362 361
f 314 313 409
f 314 409 410
f 361 362 410
f 361 410 409
f 266 265 313
f 266 313 314
f 266 267 363
f 266 363 362
f 315 314 410
f 315 410 411
f 362 363 411
f 362 411 410
f 267 266 314
f 267 314 315
f 267 268 364
f 267 364 363
f 316 315 411
f 316 411 412
f 363 364 412
f 363 412 411
f 268 267 315
f 268 315 316
f 268 269 365
f 268 365 364
f 317 316 412
f 317 412 413
f 364 365 413
f 364 413 412
f 269 268 316
f 269 316 317
f 269 270 366
f 269 366 365
f 318 317 413
f 318 413 414
f 365 366 414
f 365 414 413
f 270 269 317
f 270 317 318
f 270 271 367
f 270 367 366
f 319 318 414
f 319 414 415
f 366 367 415
f 366 415 414
f 271 270 318
f 271 318 319
f 271 272 368
f 271 368 367
f 320 319 415
f 320 415 416
f 367 368 416
f 367 416 415
f 272 271 319
f 272 319 320
f 272 273 369
f 272 369 368
f 321 320 416
f 321 416 417
f 368 369 417
f 368 417 416
f 273 272 320
f 273 320 321
f 273 274 370
f 273 370 369
f 322 321 417
f 322 417 418
f 369 370 418
f 369 418 417
f 274 273 321
f 274 321 322
f 274 275 371
f 274 371 370
f 323 322 418
f 323 418 419
f 370 371 419
f 370 419 418
f 275 274 322
f 275 322 323
f 275 276 372
f 275 372 371
f 324 323 419
f 324 419 420
f 371 372 420
f 371 420 419
f 276 275 323
f 276 323 324
f 276 277 373
f 276 373 372
f 325 324 420
f 325 420 421
f 372 373 421
f 372 421 420
f 277 276 324
f 277 324 325
f 277 278 374
f 277 374 373
f 326 325 421
f 326 421 422
f 373 374 422
f 373 422 421
f 278 277 325
f 278 325 326
f 278 279 375
f 278 375 374
f 327 326 422
f 327 422 423
f 374 375 423
f 374 423 422
f 279 278 326
f 279 326 327
f 279 280 376
f 279 376 375
f 328 327 423
f 328 423 424
f 375 376 424
f 375 424 423
f 280 279 327
f 280 327 328
f 280 281 377
f 280 377 376
f 329 328 424
f 329 424 425
f 376 377 425
f 376 425 424
f 281 280 328
f 281 328 329
f 281 282 378
f 281 378 377
f 330 329 425
f 330 425 426
f 377 378 426
f 377 426 425
f 282 281 329
f 282 329 330
f 282 283 379
f 282 379 378
f 331 330 426
f 331 426 427
f 378 379 427
f 378 427 426
f 283 282 330
f 283 330 331
f 283 284 380
f 283 380 379
f 332 331 427
f 332 427 428
f 379 380 428
f 379 428 427
f 284 283 331
f 284 331 332
f 284 285 381
f 284 381 380
f 333 332 428
f 333 428 429
f 380 381 429
f 380 429 428
f 285 284 332
f 285 332 333
f 285 286 382
f 285 382 381
f 334 333 429
f 334 429 430
f 381 382 430
f 381 430 429
f 286 285 333
f 286 333 334
f 286 287 383
f 286 383 382
f 335 334 430
f 335 430 431
f 382 383 431
f 382 431 430
f 287 286 334
f 287 334 335
f 287 288 384
f 287 384 383
f 336 335 431
f 336 431 432
f 383 384 432
f 383 432 431
f 288 287 335
f 288 335 336
f 288 241 337
f 288 337 384
f 289 336 432
f 289 432 385
f 384 337 385
f 384 385 432
f 241 288 336
f 241 336 289

o geometry_8
v 0.29000000 0.00000000 -14.50000000
v 0.28751901 0.03785260 -14.50000000
v 0.28011849 0.07505752 -14.50000000
v 0.26792506 0.11097820 -14.50000000
v 0.25114737 0.14500000 -14.50000000
v 0.23007247 0.17654081 -14.50000000
v 0.20506097 0.20506097 -14.50000000
v 0.17654081 0.23007247 -14.50000000
v 0.14500000 0.25114737 -14.50000000
v 0.11097820 0.26792506 -14.50000000
v 0.07505752 0.28011849 -14.50000000
v 0.03785260 0.28751901 -14.50000000
v 0.00000000 0.29000000 -14.50000000
v -0.03785260 0.28751901 -14.50000000
v -0.07505752 0.28011849 -14.50000000
v -0.11097820 0.26792506 -14.50000000
v -0.14500000 0.25114737 -14.50000000
v -0.17654081 0.23007247 -14.50000000
v -0.20506097 0.20506097 -14.50000000
v -0.23007247 0.17654081 -14.50000000
v -0.25114737 0.14500000 -14.50000000
v -0.26792506 0.11097820 -14.50000000
v -0.28011849 0.07505752 -14.50000000
v -0.28751901 0.03785260 -14.50000000
v -0.29000000 0.00000000 -14.50000000
v -0.28751901 -0.03785260 -14.50000000
v -0.28011849 -0.07505752 -14.50000000
v -0.26792506 -0.11097820 -14.50000000
v -0.25114737 -0.14500000 -14.50000000
v -0.23007247 -0.17654081 -14.50000000
v -0.20506097 -0.20506097 -14.50000000
v -0.17654081 -0.23007247 -14.50000000
v -0.14500000 -0.25114737 -14.50000000
v -0.11097820 -0.26792506 -14.50000000
v -0.07505752 -0.28011849 -14.50000000
v -0.03785260 -0.28751901 -14.50000000
v -0.00000000 -0.29000000 -14.50000000
v 0.03785260 -0.28751901 -14.50000000
v 0.07505752 -0.28011849 -14.50000000
v 0.11097820 -0.26792506 -14.50000000
v 0.14500000 -0.25114737 -14.50000000
v 0.17654081 -0.23007247 -14.50000000
v 0.20506097 -0.20506097 -14.50000000
v 0.23007247 -0.17654081 -14.50000000
v 0.25114737 -0.14500000 -14.50000000
v 0.26792506 -0.11097820 -14.50000000
v 0.28011849 -0.07505752 -14.50000000
v 0.28751901 -0.03785260 -14.50000000
v 0.22000000 0.00000000 -14.50000000
v 0.21811787 0.02871576 -14.50000000
v 0.21250368 0.05694019 -14.50000000
v 0.20325350 0.08419036 -14.50000000
v 0.19052559 0.11000000 -14.50000000
v 0.17453773 0.13392751 -14.50000000
v 0.15556349 0.15556349 -14.50000000
v 0.13392751 0.17453773 -14.50000000
v 0.11000000 0.19052559 -14.50000000
v 0.08419036 0.20325350 -14.50000000
v 0.05694019 0.21250368 -14.50000000
v 0.02871576 0.21811787 -14.50000000
v 0.00000000 0.22000000 -14.50000000
v -0.02871576 0.21811787 -14.50000000
v -0.05694019 0.21250368 -14.50000000
v -0.08419036 0.20325350 -14.50000000
v -0.11000000 0.19052559 -14.50000000
v -0.13392751 0.17453773 -14.50000000
v -0.15556349 0.15556349 -14.50000000
v -0.17453773 0.13392751 -14.50000000
v -0.19052559 0.11000000 -14.50000000
v -0.20325350 0.08419036 -14.50000000
v -0.21250368 0.05694019 -14.50000000
v -0.21811787 0.02871576 -14.50000000
v -0.22000000 0.00000000 -14.50000000
v -0.21811787 -0.02871576 -14.50000000
v -0.21250368 -0.05694019 -14.50000000
v -0.20325350 -0.08419036 -14.50000000
v -0.19052559 -0.11000000 -14.50000000
v -0.17453773 -0.13392751 -14.50000000
v -0.15556349 -0.15556349 -14.50000000
v -0.13392751 -0.17453773 -14.50000000
v -0.11000000 -0.19052559 -14.50000000
v -0.08419036 -0.20325350 -14.50000000
v -0.05694019 -0.21250368 -14.50000000
v -0.02871576 -0.21811787 -14.50000000
v -0.00000000 -0.22000000 -14.50000000
v 0.02871576 -0.21811787 -14.50000000
v 0.05694019 -0.21250368 -14.50000000
v 0.08419036 -0.20325350 -14.50000000
v 0.11000000 -0.19052559 -14.50000000
v 0.13392751 -0.17453773 -14.50000000
v 0.15556349 -0.15556349 -14.50000000
v 0.17453773 -0.13392751 -14.50000000
v 0.19052559 -0.11000000 -14.50000000
v 0.20325350 -0.08419036 -14.50000000
v 0.21250368 -0.05694019 -14.50000000
v 0.21811787 -0.02871576 -14.50000000
v 0.29000000 0.00000000 -7.50000000
v 0.28751901 0.03785260 -7.50000000
v 0.28011849 0.07505752 -7.50000000
v 0.26792506 0.11097820 -7.50000000
v 0.25114737 0.14500000 -7.50000000
v 0.23007247 0.17654081 -7.50000000
v 0.20506097 0.20506097 -7.50000000
v 0.17654081 0.23007247 -7.50000000
v 0.14500000 0.25114737 -7.50000000
v 0.11097820 0.26792506 -7.50000000
v 0.07505752 0.28011849 -7.50000000
v 0.03785260 0.28751901 -7.50000000
v 0.00000000 0.29000000 -7.50000000
v -0.03785260 0.28751901 -7.50000000
v -0.07505752 0.28011849 -7.50000000
v -0.11097820 0.26792506 -7.50000000
v -0.14500000 0.25114737 -7.50000000
v -0.17654081 0.23007247 -7.50000000
v -0.20506097 0.20506097 -7.50000000
v -0.23007247 0.17654081 -7.50000000
v -0.25114737 0.14500000 -7.50000000
v -0.26792506 0.11097820 -7.50000000
v -0.28011849 0.07505752 -7.50000000
v -0.28751901 0.03785260 -7.50000000
v -0.29000000 0.00000000 -7.50000000
v -0.28751901 -0.03785260 -7.50000000
v -0.28011849 -0.07505752 -7.50000000
v -0.26792506 -0.11097820 -7.50000000
v -0.25114737 -0.14500000 -7.50000000
v -0.23007247 -0.17654081 -7.50000000
v -0.20506097 -0.20506097 -7.50000000
v -0.17654081 -0.23007247 -7.50000000
v -0.14500000 -0.25114737 -7.50000000
v -0.11097820 -0.26792506 -7.50000000
v -0.07505752 -0.28011849 -7.50000000
v -0.03785260 -0.28751901 -7.50000000
v -0.00000000 -0.29000000 -7.50000000
v 0.03785260 -0.28751901 -7.50000000
v 0.07505752 -0.28011849 -7.50000000
v 0.11097820 -0.26792506 -7.50000000
v 0.14500000 -0.25114737 -7.50000000
v 0.17654081 -0.23007247 -7.50000000
v 0.20506097 -0.20506097 -7.50000000
v 0.23007247 -0.17654081 -7.50000000
v 0.25114737 -0.14500000 -7.50000000
v 0.26792506 -0.11097820 -7.50000000
v 0.28011849 -0.07505752 -7.50000000
v 0.28751901 -0.03785260 -7.50000000
v 0.22000000 0.00000000 -7.50000000
v 0.21811787 0.02871576 -7.50000000
v 0.21250368 0.05694019 -7.50000000
v 0.20325350 0.08419036 -7.50000000
v 0.19052559 0.11000000 -7.50000000
v 0.17453773 0.13392751 -7.50000000
v 0.15556349 0.15556349 -7.50000000
v 0.13392751 0.17453773 -7.50000000
v 0.11000000 0.19052559 -7.50000000
v 0.08419036 0.20325350 -7.50000000
v 0.05694019 0.21250368 -7.50000000
v 0.02871576 0.21811787 -7.50000000
v 0.00000000 0.22000000 -7.50000000
v -0.02871576 0.21811787 -7.50000000
v -0.05694019 0.21250368 -7.50000000
v -0.08419036 0.20325350 -7.50000000
v -0.11000000 0.19052559 -7.50000000
v -0.13392751 0.17453773 -7.50000000
v -0.15556349 0.15556349 -7.50000000
v -0.17453773 0.13392751 -7.50000000
v -0.19052559 0.11000000 -7.50000000
v -0.20325350 0.08419036 -7.50000000
v -0.21250368 0.05694019 -7.50000000
v -0.21811787 0.02871576 -7.50000000
v -0.22000000 0.00000000 -7.50000000
v -0.21811787 -0.02871576 -7.50000000
v -0.21250368 -0.05694019 -7.50000000
v -0.20325350 -0.08419036 -7.50000000
v -0.19052559 -0.11000000 -7.50000000
v -0.17453773 -0.13392751 -7.50000000
v -0.15556349 -0.15556349 -7.50000000
v -0.13392751 -0.17453773 -7.50000000
v -0.11000000 -0.19052559 -7.50000000
v -0.08419036 -0.20325350 -7.50000000
v -0.05694019 -0.21250368 -7.50000000
v -0.02871576 -0.21811787 -7.50000000
v -0.00000000 -0.22000000 -7.50000000
v 0.02871576 -0.21811787 -7.50000000
v 0.05694019 -0.21250368 -7.50000000
v 0.08419036 -0.20325350 -7.50000000
v 0.11000000 -0.19052559 -7.50000000
v 0.13392751 -0.17453773 -7.50000000
v 0.15556349 -0.15556349 -7.50000000
v 0.17453773 -0.13392751 -7.50000000
v 0.19052559 -0.11000000 -7.50000000
v 0.20325350 -0.08419036 -7.50000000
v 0.21250368 -0.05694019 -7.50000000
v 0.21811787 -0.02871576 -7.50000000
f 433 434 530
f 433 530 529
f 482 481 577
f 482 577 578
f 529 530 578
f 529 578 577
f 434 433 481
f 434 481 482
f 434 435 531
f 434 531 530
f 483 482 578
f 483 578 579
f 530 531 579
f 530 579 578
f 435 434 482
f 435 482 483
f 435 436 532
f 435 532 531
f 484 483 579
f 484 579 580
f 531 532 580
f 531 580 579
f 436 435 483
f 436 483 484
f 436 437 533
f 436 533 532
f 485 484 580
f 485 580 581
f 532 533 581
f 532 581 580
f 437 436 484
f 437 484 485
f 437 438 534
f 437 534 533
f 486 485 581
f 486 581 582
f 533 534 582
f 533 582 581
f 438 437 485
f 438 485 486
f 438 439 535
f 438 535 534
f 487 486 582
f 487 582 583
f 534 535 583
f 534 583 582
f 439 438 486
f 439 486 487
f 439 440 536
f 439 536 535
f 488 487 583
f 488 583 584
f 535 536 584
f 535 584 583
f 440 439 487
f 440 487 488
f 440 441 537
f 440 537 536
f 489 488 584
f 489 584 585
f 536 537 585
f 536 585 584
f 441 440 488
f 441 488 489
f 441 442 538
f 441 538 537
f 490 489 585
f 490 585 586
f 537 538 586
f 537 586 585
f 442 441 489
f 442 489 490
f 442 443 539
f 442 539 538
f 491 490 586
f 491 586 587
f 538 539 587
f 538 587 586
f 443 442 490
f 443 490 491
f 443 444 540
f 443 540 539
f 492 491 587
f 492 587 588
f 539 540 588
f 539 588 587
f 444 443 491
f 444 491 492
f 444 445 541
f 444 541 540
f 493 492 588
f 493 588 589
f 540 541 589
f 540 589 588
f 445 444 492
f 445 492 493
f 445 446 542
f 445 542 541
f 494 493 589
f 494 589 590
f 541 542 590
f 541 590 589
f 446 445 493
f 446 493 494
f 446 447 543
f 446 543 542
f 495 494 590
f 495 590 591
f 542 543 591
f 542 591 590
f 447 446 494
f 447 494 495
f 447 448 544
f 447 544 543
f 496 495 591
f 496 591 592
f 543 544 592
f 543 592 591
f 448 447 495
f 448 495 496
f 448 449 545
f 448 545 544
f 497 496 592
f 497 592 593
f 544 545 593
f 544 593 592
f 449 448 496
f 449 496 497
f 449 450 546
f 449 546 545
f 498 497 593
f 498 593 594
f 545 546 594
f 545 594 593
f 450 449 497
f 450 497 498
f 450 451 547
f 450 547 546
f 499 498 594
f 499 594 595
f 546 547 595
f 546 595 594
f 451 450 498
f 451 498 499
f 451 452 548
f 451 548 547
f 500 499 595
f 500 595 596
f 547 548 596
f 547 596 595
f 452 451 499
f 452 499 500
f 452 453 549
f 452 549 548
f 501 500 596
f 501 596 597
f 548 549 597
f 548 597 596
f 453 452 500
f 453 500 501
f 453 454 550
f 453 550 549
f 502 501 597
f 502 597 598
f 549 550 598
f 549 598 597
f 454 453 501
f 454 501 502
f 454 455 551
f 454 551 550
f 503 502 598
f 503 598 599
f 550 551 599
f 550 599 598
f 455 454 502
f 455 502 503
f 455 456 552
f 455 552 551
f 504 503 599
f 504 599 600
f 551 552 600
f 551 600 599
f 456 455 503
f 456 503 504
f 456 457 553
f 456 553 552
f 505 504 600
f 505 600 601
f 552 553 601
f 552 601 600
f 457 456 504
f 457 504 505
f 457 458 554
f 457 554 553
f 506 505 601
f 506 601 602
f 553 554 602
f 553 602 601
f 458 457 505
f 458 505 506
f 458 459 555
f 458 555 554
f 507 506 602
f 507 602 603
f 554 555 603
f 554 603 602
f 459 458 506
f 459 506 507
f 459 460 556
f 459 556 555
f 508 507 603
f 508 603 604
f 555 556 604
f 555 604 603
f 460 459 507
f 460 507 508
f 460 461 557
f 460 557 556
f 509 508 604
f 509 604 605
f 556 557 605
f 556 605 604
f 461 460 508
f 461 508 509
f 461 462 558
f 461 558 557
f 510 509 605
f 510 605 606
f 557 558 606
f 557 606 605
f 462 461 509
f 462 509 510
f 462 463 559
f 462 559 558
f 511 510 606
f 511 606 607
f 558 559 607
f 558 607 606
f 463 462 510
f 463 510 511
f 463 464 560
f 463 560 559
f 512 511 607
f 512 607 608
f 559 560 608
f 559 608 607
f 464 463 511
f 464 511 512
f 464 465 561
f 464 561 560
f 513 512 608
f 513 608 609
f 560 561 609
f 560 609 608
f 465 464 512
f 465 512 513
f 465 466 562
f 465 562 561
f 514 513 609
f 514 609 610
f 561 562 610
f 561 610 609
f 466 465 513
f 466 513 514
f 466 467 563
f 466 563 562
f 515 514 610
f 515 610 611
f 562 563 611
f 562 611 610
f 467 466 514
f 467 514 515
f 467 468 564
f 467 564 563
f 516 515 611
f 516 611 612
f 563 564 612
f 563 612 611
f 468 467 515
f 468 515 516
f 468 469 565
f 468 565 564
f 517 516 612
f 517 612 613
f 564 565 613
f 564 613 612
f 469 468 516
f 469 516 517
f 469 470 566
f 469 566 565
f 518 517 613
f 518 613 614
f 565 566 614
f 565 614 613
f 470 469 517
f 470 517 518
f 470 471 567
f 470 567 566
f 519 518 614
f 519 614 615
f 566 567 615
f 566 615 614
f 471 470 518
f 471 518 519
f 471 472 568
f 471 568 567
f 520 519 615
f 520 615 616
f 567 568 616
f 567 616 615
f 472 471 519
f 472 519 520
f 472 473 569
f 472 569 568
f 521 520 616
f 521 616 617
f 568 569 617
f 568 617 616
f 473 472 520
f 473 520 521
f 473 474 570
f 473 570 569
f 522 521 617
f 522 617 618
f 569 570 618
f 569 618 617
f 474 473 521
f 474 521 522
f 474 475 571
f 474 571 570
f 523 522 618
f 523 618 619
f 570 571 619
f 570 619 618
f 475 474 522
f 475 522 523
f 475 476 572
f 475 572 571
f 524 523 619
f 524 619 620
f 571 572 620
f 571 620 619
f 476 475 523
f 476 523 524
f 476 477 573
f 476 573 572
f 525 524 620
f 525 620 621
f 572 573 621
f 572 621 620
f 477 476 524
f 477 524 525
f 477 478 574
f 477 574 573
f 526 525 621
f 526 621 622
f 573 574 622
f 573 622 621
f 478 477 525
f 478 525 526
f 478 479 575
f 478 575 574
f 527 526 622
f 527 622 623
f 574 575 623
f 574 623 622
f 479 478 526
f 479 526 527
f 479 480 576
f 479 576 575
f 528 527 623
f 528 623 624
f 575 576 624
f 575 624 623
f 480 479 527
f 480 527 528
f 480 433 529
f 480 529 576
f 481 528 624
f 481 624 577
f 576 529 577
f 576 577 624
f 433 480 528
f 433 528 481

o geometry_9
v -2.10000000 -1.50000000 0.12500000
v -2.10000000 -1.50000000 0.47500000
v -2.10000000 1.50000000 0.12500000
v -2.10000000 1.50000000 0.47500000
v 2.10000000 -1.50000000 0.12500000
v 2.10000000 -1.50000000 0.47500000
v 2.10000000 1.50000000 0.12500000
v 2.10000000 1.50000000 0.47500000
f 626 628 625
f 629 626 625
f 625 628 627
f 627 629 625
f 626 632 628
f 630 626 629
f 630 632 626
f 628 632 627
f 631 629 627
f 627 632 631
f 631 630 629
f 632 630 631

o geometry_10
v -1.75000000 -1.20000000 -0.85000000
v -1.75000000 -1.20000000 0.35000000
v -1.75000000 1.20000000 -0.85000000
v -1.75000000 1.20000000 0.35000000
v 1.75000000 -1.20000000 -0.85000000
v 1.75000000 -1.20000000 0.35000000
v 1.75000000 1.20000000 -0.85000000
v 1.75000000 1.20000000 0.35000000
f 634 636 633
f 637 634 633
f 633 636 635
f 635 637 633
f 634 640 636
f 638 634 637
f 638 640 634
f 636 640 635
f 639 637 635
f 635 640 639
f 639 638 637
f 640 638 639

o geometry_11
v -1.40000000 -1.30000000 0.45000000
v -1.40000000 -1.30000000 1.05000000
v -1.40000000 -0.50000000 0.45000000
v -1.40000000 -0.50000000 1.05000000
v -0.60000000 -1.30000000 0.45000000
v -0.60000000 -1.30000000 1.05000000
v -0.60000000 -0.50000000 0.45000000
v -0.60000000 -0.50000000 1.05000000
f 642 644 641
f 645 642 641
f 641 644 643
f 643 645 641
f 642 648 644
f 646 642 645
f 646 648 642
f 644 648 643
f 647 645 643
f 643 648 647
f 647 646 645
f 648 646 647

o geometry_12
v 0.55000000 -1.15000000 0.45000000
v 0.55000000 -1.15000000 0.95000000
v 0.55000000 -0.45000000 0.45000000
v 0.55000000 -0.45000000 0.95000000
v 1.25000000 -1.15000000 0.45000000
v 1.25000000 -1.15000000 0.95000000
v 1.25000000 -0.45000000 0.45000000
v 1.25000000 -0.45000000 0.95000000
f 650 652 649
f 653 650 649
f 649 652 651
f 651 653 649
f 650 656 652
f 654 650 653
f 654 656 650
f 652 656 651
f 655 653 651
f 651 656 655
f 655 654 653
f 656 654 655

o geometry_16
v 1.25000000 0.85000000 0.45000000
v 1.32972049 0.85350212 0.45569023
v 0.97972049 0.61550212 5.50569023
v 0.90000000 0.61200000 5.50000000
v 1.32815125 0.86594794 0.45616803
v 0.97815125 0.62794794 5.50616803
v 1.32465768 0.87800107 0.45649395
v 0.97465768 0.64000107 5.50649395
v 1.31932578 0.88936472 0.45665997
v 0.96932578 0.65136472 5.50665997
v 1.31228685 0.89975908 0.45666199
v 0.96228685 0.66175908 5.50666199
v 1.30371421 0.90892821 0.45649998
v 0.95371421 0.67092821 5.50649998
v 1.29381895 0.91664633 0.45617791
v 0.94381895 0.67864633 5.50617791
v 1.28284472 0.92272339 0.45570373
v 0.93284472 0.68472339 5.50570373
v 1.27106175 0.92700976 0.45508910
v 0.92106175 0.68900976 5.50508910
v 1.25876016 0.92939990 0.45434916
v 0.90876016 0.69139990 5.50434916
v 1.24624288 0.92983495 0.45350212
v 0.89624288 0.69183495 5.50350212
v 1.23381810 0.92830420 0.45256886
v 0.88381810 0.69030420 5.50256886
v 1.22179178 0.92484533 0.45157234
v 0.87179178 0.68684533 5.50157234
v 1.21046003 0.91954353 0.45053710
v 0.86046003 0.68154353 5.50053710
v 1.20010190 0.91252933 0.44948864
v 0.85010190 0.67452933 5.49948864
v 1.19097241 0.90397546 0.44845277
v 0.84097241 0.66597546 5.49845277
v 1.18329639 0.89409253 0.44745500
v 0.83329639 0.65609253 5.49745500
v 1.17726283 0.88312389 0.44651990
v 0.82726283 0.64512389 5.49651990
v 1.17302029 0.87133964 0.44567048
v 0.82302029 0.63333964 5.49567048
v 1.17067326 0.85902993 0.44492768
v 0.82067326 0.62102993 5.49492768
v 1.17027951 0.84649788 0.44430977
v 0.82027951 0.60849788 5.49430977
v 1.17184875 0.83405206 0.44383197
v 0.82184875 0.59605206 5.49383197
v 1.17534232 0.82199893 0.44350605
v 0.82534232 0.58399893 5.49350605
v 1.18067422 0.81063528 0.44334003
v 0.83067422 0.57263528 5.49334003
v 1.18771315 0.80024092 0.44333801
v 0.83771315 0.56224092 5.49333801
v 1.19628579 0.79107179 0.44350002
v 0.84628579 0.55307179 5.49350002
v 1.20618105 0.78335367 0.44382209
v 0.85618105 0.54535367 5.49382209
v 1.21715528 0.77727661 0.44429627
v 0.86715528 0.53927661 5.49429627
v 1.22893825 0.77299024 0.44491090
v 0.87893825 0.53499024 5.49491090
v 1.24123984 0.77060010 0.44565084
v 0.89123984 0.53260010 5.49565084
v 1.25375712 0.77016505 0.44649788
v 0.90375712 0.53216505 5.49649788
v 1.26618190 0.77169580 0.44743114
v 0.91618190 0.53369580 5.49743114
v 1.27820822 0.77515467 0.44842766
v 0.92820822 0.53715467 5.49842766
v 1.28953997 0.78045647 0.44946290
v 0.93953997 0.54245647 5.49946290
v 1.29989810 0.78747067 0.45051136
v 0.94989810 0.54947067 5.50051136
v 1.30902759 0.79602454 0.45154723
v 0.95902759 0.55802454 5.50154723
v 1.31670361 0.80590747 0.45254500
v 0.96670361 0.56790747 5.50254500
v 1.32273717 0.81687611 0.45348010
v 0.97273717 0.57887611 5.50348010
v 1.32697971 0.82866036 0.45432952
v 0.97697971 0.59066036 5.50432952
v 1.32932674 0.84097007 0.45507232
v 0.97932674 0.60297007 5.50507232
f 658 657 661
f 658 661 659
f 659 661 662
f 659 662 660
f 661 657 663
f 661 663 662
f 662 663 664
f 662 664 660
f 663 657 665
f 663 665 664
f 664 665 666
f 664 666 660
f 665 657 667
f 665 667 666
f 666 667 668
f 666 668 660
f 667 657 669
f 667 669 668
f 668 669 670
f 668 670 660
f 669 657 671
f 669 671 670
f 670 671 672
f 670 672 660
f 671 657 673
f 671 673 672
f 672 673 674
f 672 674 660
f 673 657 675
f 673 675 674
f 674 675 676
f 674 676 660
f 675 657 677
f 675 677 676
f 676 677 678
f 676 678 660
f 677 657 679
f 677 679 678
f 678 679 680
f 678 680 660
f 679 657 681
f 679 681 680
f 680 681 682
f 680 682 660
f 681 657 683
f 681 683 682
f 682 683 684
f 682 684 660
f 683 657 685
f 683 685 684
f 684 685 686
f 684 686 660
f 685 657 687
f 685 687 686
f 686 687 688
f 686 688 660
f 687 657 689
f 687 689 688
f 688 689 690
f 688 690 660
f 689 657 691
f 689 691 690
f 690 691 692
f 690 692 660
f 691 657 693
f 691 693 692
f 692 693 694
f 692 694 660
f 693 657 695
f 693 695 694
f 694 695 696
f 694 696 660
f 695 657 697
f 695 697 696
f 696 697 698
f 696 698 660
f 697 657 699
f 697 699 698
f 698 699 700
f 698 700 660
f 699 657 701
f 699 701 700
f 700 701 702
f 700 702 660
f 701 657 703
f 701 703 702
f 702 703 704
f 702 704 660
f 703 657 705
f 703 705 704
f 704 705 706
f 704 706 660
f 705 657 707
f 705 707 706
f 706 707 708
f 706 708 660
f 707 657 709
f 707 709 708
f 708 709 710
f 708 710 660
f 709 657 711
f 709 711 710
f 710 711 712
f 710 712 660
f 711 657 713
f 711 713 712
f 712 713 714
f 712 714 660
f 713 657 715
f 713 715 714
f 714 715 716
f 714 716 660
f 715 657 717
f 715 717 716
f 716 717 718
f 716 718 660
f 717 657 719
f 717 719 718
f 718 719 720
f 718 720 660
f 719 657 721
f 719 721 720
f 720 721 722
f 720 722 660
f 721 657 723
f 721 723 722
f 722 723 724
f 722 724 660
f 723 657 725
f 723 725 724
f 724 725 726
f 724 726 660
f 725 657 727
f 725 727 726
f 726 727 728
f 726 728 660
f 727 657 729
f 727 729 728
f 728 729 730
f 728 730 660
f 729 657 731
f 729 731 730
f 730 731 732
f 730 732 660
f 731 657 733
f 731 733 732
f 732 733 734
f 732 734 660
f 733 657 735
f 733 735 734
f 734 735 736
f 734 736 660
f 735 657 737
f 735 737 736
f 736 737 738
f 736 738 660
f 737 657 658
f 737 658 738
f 738 658 659
f 738 659 660

o geometry_34
v -1.25000000 -0.85000000 5.20000000
v -1.25000000 -0.85000000 5.16500000
v 1.25000000 -0.85000000 5.16500000
v 1.25000000 -0.85000000 5.20000000
v -1.25000000 -0.84452479 5.16543091
v 1.25000000 -0.84452479 5.16543091
v -1.25000000 -0.83918441 5.16671302
v 1.25000000 -0.83918441 5.16671302
v -1.25000000 -0.83411033 5.16881477
v 1.25000000 -0.83411033 5.16881477
v -1.25000000 -0.82942752 5.17168441
v 1.25000000 -0.82942752 5.17168441
v -1.25000000 -0.82525126 5.17525126
v 1.25000000 -0.82525126 5.17525126
v -1.25000000 -0.82168441 5.17942752
v 1.25000000 -0.82168441 5.17942752
v -1.25000000 -0.81881477 5.18411033
v 1.25000000 -0.81881477 5.18411033
v -1.25000000 -0.81671302 5.18918441
v 1.25000000 -0.81671302 5.18918441
v -1.25000000 -0.81543091 5.19452479
v 1.25000000 -0.81543091 5.19452479
v -1.25000000 -0.81500000 5.20000000
v 1.25000000 -0.81500000 5.20000000
v -1.25000000 -0.81543091 5.20547521
v 1.25000000 -0.81543091 5.20547521
v -1.25000000 -0.81671302 5.21081559
v 1.25000000 -0.81671302 5.21081559
v -1.25000000 -0.81881477 5.21588967
v 1.25000000 -0.81881477 5.21588967
v -1.25000000 -0.82168441 5.22057248
v 1.25000000 -0.82168441 5.22057248
v -1.25000000 -0.82525126 5.22474874
v 1.25000000 -0.82525126 5.22474874
v -1.25000000 -0.82942752 5.22831559
v 1.25000000 -0.82942752 5.22831559
v -1.25000000 -0.83411033 5.23118523
v 1.25000000 -0.83411033 5.23118523
v -1.25000000 -0.83918441 5.23328698
v 1.25000000 -0.83918441 5.23328698
v -1.25000000 -0.84452479 5.23456909
v 1.25000000 -0.84452479 5.23456909
v -1.25000000 -0.85000000 5.23500000
v 1.25000000 -0.85000000 5.23500000
v -1.25000000 -0.85547521 5.23456909
v 1.25000000 -0.85547521 5.23456909
v -1.25000000 -0.86081559 5.23328698
v 1.25000000 -0.86081559 5.23328698
v -1.25000000 -0.86588967 5.23118523
v 1.25000000 -0.86588967 5.23118523
v -1.25000000 -0.87057248 5.22831559
v 1.25000000 -0.87057248 5.22831559
v -1.25000000 -0.87474874 5.22474874
v 1.25000000 -0.87474874 5.22474874
v -1.25000000 -0.87831559 5.22057248
v 1.25000000 -0.87831559 5.22057248
v -1.25000000 -0.88118523 5.21588967
v 1.25000000 -0.88118523 5.21588967
v -1.25000000 -0.88328698 5.21081559
v 1.25000000 -0.88328698 5.21081559
v -1.25000000 -0.88456909 5.20547521
v 1.25000000 -0.88456909 5.20547521
v -1.25000000 -0.88500000 5.20000000
v 1.25000000 -0.88500000 5.20000000
v -1.25000000 -0.88456909 5.19452479
v 1.25000000 -0.88456909 5.19452479
v -1.25000000 -0.88328698 5.18918441
v 1.25000000 -0.88328698 5.18918441
v -1.25000000 -0.88118523 5.18411033
v 1.25000000 -0.88118523 5.18411033
v -1.25000000 -0.87831559 5.17942752
v 1.25000000 -0.87831559 5.17942752
v -1.25000000 -0.87474874 5.17525126
v 1.25000000 -0.87474874 5.17525126
v -1.25000000 -0.87057248 5.17168441
v 1.25000000 -0.87057248 5.17168441
v -1.25000000 -0.86588967 5.16881477
v 1.25000000 -0.86588967 5.16881477
v -1.25000000 -0.86081559 5.16671302
v 1.25000000 -0.86081559 5.16671302
v -1.25000000 -0.85547521 5.16543091
v 1.25000000 -0.85547521 5.16543091
f 740 739 743
f 740 743 741
f 741 743 744
f 741 744 742
f 743 739 745
f 743 745 744
f 744 745 746
f 744 746 742
f 745 739 747
f 745 747 746
f 746 747 748
f 746 748 742
f 747 739 749
f 747 749 748
f 748 749 750
f 748 750 742
f 749 739 751
f 749 751 750
f 750 751 752
f 750 752 742
f 751 739 753
f 751 753 752
f 752 753 754
f 752 754 742
f 753 739 755
f 753 755 754
f 754 755 756
f 754 756 742
f 755 739 757
f 755 757 756
f 756 757 758
f 756 758 742
f 757 739 759
f 757 759 758
f 758 759 760
f 758 760 742
f 759 739 761
f 759 761 760
f 760 761 762
f 760 762 742
f 761 739 763
f 761 763 762
f 762 763 764
f 762 764 742
f 763 739 765
f 763 765 764
f 764 765 766
f 764 766 742
f 765 739 767
f 765 767 766
f 766 767 768
f 766 768 742
f 767 739 769
f 767 769 768
f 768 769 770
f 768 770 742
f 769 739 771
f 769 771 770
f 770 771 772
f 770 772 742
f 771 739 773
f 771 773 772
f 772 773 774
f 772 774 742
f 773 739 775
f 773 775 774
f 774 775 776
f 774 776 742
f 775 739 777
f 775 777 776
f 776 777 778
f 776 778 742
f 777 739 779
f 777 779 778
f 778 779 780
f 778 780 742
f 779 739 781
f 779 781 780
f 780 781 782
f 780 782 742
f 781 739 783
f 781 783 782
f 782 783 784
f 782 784 742
f 783 739 785
f 783 785 784
f 784 785 786
f 784 786 742
f 785 739 787
f 785 787 786
f 786 787 788
f 786 788 742
f 787 739 789
f 787 789 788
f 788 789 790
f 788 790 742
f 789 739 791
f 789 791 790
f 790 791 792
f 790 792 742
f 791 739 793
f 791 793 792
f 792 793 794
f 792 794 742
f 793 739 795
f 793 795 794
f 794 795 796
f 794 796 742
f 795 739 797
f 795 797 796
f 796 797 798
f 796 798 742
f 797 739 799
f 797 799 798
f 798 799 800
f 798 800 742
f 799 739 801
f 799 801 800
f 800 801 802
f 800 802 742
f 801 739 803
f 801 803 802
f 802 803 804
f 802 804 742
f 803 739 805
f 803 805 804
f 804 805 806
f 804 806 742
f 805 739 807
f 805 807 806
f 806 807 808
f 806 808 742
f 807 739 809
f 807 809 808
f 808 809 810
f 808 810 742
f 809 739 811
f 809 811 810
f 810 811 812
f 810 812 742
f 811 739 813
f 811 813 812
f 812 813 814
f 812 814 742
f 813 739 815
f 813 815 814
f 814 815 816
f 814 816 742
f 815 739 817
f 815 817 816
f 816 817 818
f 816 818 742
f 817 739 819
f 817 819 818
f 818 819 820
f 818 820 742
f 819 739 740
f 819 740 820
f 820 740 741
f 820 741 742

o geometry_35
v 0.00000000 0.00000000 0.45000000
v -0.11999770 0.00000000 0.44925698
v -0.01999770 0.00000000 -15.70074302
v 0.10000000 0.00000000 -15.70000000
v -0.11852033 0.01877214 0.44926613
v -0.01852033 0.01877214 -15.70073387
v -0.11412459 0.03708204 0.44929335
v -0.01412459 0.03708204 -15.70070665
v -0.10691873 0.05447886 0.44933796
v -0.00691873 0.05447886 -15.70066204
v -0.09708018 0.07053423 0.44939888
v 0.00291982 0.07053423 -15.70060112
v -0.08485119 0.08485281 0.44947461
v 0.01514881 0.08485281 -15.70052539
v -0.07053288 0.09708204 0.44956326
v 0.02946712 0.09708204 -15.70043674
v -0.05447782 0.10692078 0.44966268
v 0.04552218 0.10692078 -15.70033732
v -0.03708133 0.11412678 0.44977039
v 0.06291867 0.11412678 -15.70022961
v -0.01877178 0.11852260 0.44988377
v 0.08122822 0.11852260 -15.70011623
v 0.00000000 0.12000000 0.45000000
v 0.10000000 0.12000000 -15.70000000
v 0.01877178 0.11852260 0.45011623
v 0.11877178 0.11852260 -15.69988377
v 0.03708133 0.11412678 0.45022961
v 0.13708133 0.11412678 -15.69977039
v 0.05447782 0.10692078 0.45033732
v 0.15447782 0.10692078 -15.69966268
v 0.07053288 0.09708204 0.45043674
v 0.17053288 0.09708204 -15.69956326
v 0.08485119 0.08485281 0.45052539
v 0.18485119 0.08485281 -15.69947461
v 0.09708018 0.07053423 0.45060112
v 0.19708018 0.07053423 -15.69939888
v 0.10691873 0.05447886 0.45066204
v 0.20691873 0.05447886 -15.69933796
v 0.11412459 0.03708204 0.45070665
v 0.21412459 0.03708204 -15.69929335
v 0.11852033 0.01877214 0.45073387
v 0.21852033 0.01877214 -15.69926613
v 0.11999770 0.00000000 0.45074302
v 0.21999770 0.00000000 -15.69925698
v 0.11852033 -0.01877214 0.45073387
v 0.21852033 -0.01877214 -15.69926613
v 0.11412459 -0.03708204 0.45070665
v 0.21412459 -0.03708204 -15.69929335
v 0.10691873 -0.05447886 0.45066204
v 0.20691873 -0.05447886 -15.69933796
v 0.09708018 -0.07053423 0.45060112
v 0.19708018 -0.07053423 -15.69939888
v 0.08485119 -0.08485281 0.45052539
v 0.18485119 -0.08485281 -15.69947461
v 0.07053288 -0.09708204 0.45043674
v 0.17053288 -0.09708204 -15.69956326
v 0.05447782 -0.10692078 0.45033732
v 0.15447782 -0.10692078 -15.69966268
v 0.03708133 -0.11412678 0.45022961
v 0.13708133 -0.11412678 -15.69977039
v 0.01877178 -0.11852260 0.45011623
v 0.11877178 -0.11852260 -15.69988377
v 0.00000000 -0.12000000 0.45000000
v 0.10000000 -0.12000000 -15.70000000
v -0.01877178 -0.11852260 0.44988377
v 0.08122822 -0.11852260 -15.70011623
v -0.03708133 -0.11412678 0.44977039
v 0.06291867 -0.11412678 -15.70022961
v -0.05447782 -0.10692078 0.44966268
v 0.04552218 -0.10692078 -15.70033732
v -0.07053288 -0.09708204 0.44956326
v 0.02946712 -0.09708204 -15.70043674
v -0.08485119 -0.08485281 0.44947461
v 0.01514881 -0.08485281 -15.70052539
v -0.09708018 -0.07053423 0.44939888
v 0.00291982 -0.07053423 -15.70060112
v -0.10691873 -0.05447886 0.44933796
v -0.00691873 -0.05447886 -15.70066204
v -0.11412459 -0.03708204 0.44929335
v -0.01412459 -0.03708204 -15.70070665
v -0.11852033 -0.01877214 0.44926613
v -0.01852033 -0.01877214 -15.70073387
f 822 821 825
f 822 825 823
f 823 825 826
f 823 826 824
f 825 821 827
f 825 827 826
f 826 827 828
f 826 828 824
f 827 821 829
f 827 829 828
f 828 829 830
f 828 830 824
f 829 821 831
f 829 831 830
f 830 831 832
f 830 832 824
f 831 821 833
f 831 833 832
f 832 833 834
f 832 834 824
f 833 821 835
f 833 835 834
f 834 835 836
f 834 836 824
f 835 821 837
f 835 837 836
f 836 837 838
f 836 838 824
f 837 821 839
f 837 839 838
f 838 839 840
f 838 840 824
f 839 821 841
f 839 841 840
f 840 841 842
f 840 842 824
f 841 821 843
f 841 843 842
f 842 843 844
f 842 844 824
f 843 821 845
f 843 845 844
f 844 845 846
f 844 846 824
f 845 821 847
f 845 847 846
f 846 847 848
f 846 848 824
f 847 821 849
f 847 849 848
f 848 849 850
f 848 850 824
f 849 821 851
f 849 851 850
f 850 851 852
f 850 852 824
f 851 821 853
f 851 853 852
f 852 853 854
f 852 854 824
f 853 821 855
f 853 855 854
f 854 855 856
f 854 856 824
f 855 821 857
f 855 857 856
f 856 857 858
f 856 858 824
f 857 821 859
f 857 859 858
f 858 859 860
f 858 860 824
f 859 821 861
f 859 861 860
f 860 861 862
f 860 862 824
f 861 821 863
f 861 863 862
f 862 863 864
f 862 864 824
f 863 821 865
f 863 865 864
f 864 865 866
f 864 866 824
f 865 821 867
f 865 867 866
f 866 867 868
f 866 868 824
f 867 821 869
f 867 869 868
f 868 869 870
f 868 870 824
f 869 821 871
f 869 871 870
f 870 871 872
f 870 872 824
f 871 821 873
f 871 873 872
f 872 873 874
f 872 874 824
f 873 821 875
f 873 875 874
f 874 875 876
f 874 876 824
f 875 821 877
f 875 877 876
f 876 877 878
f 876 878 824
f 877 821 879
f 877 879 878
f 878 879 880
f 878 880 824
f 879 821 881
f 879 881 880
f 880 881 882
f 880 882 824
f 881 821 883
f 881 883 882
f 882 883 884
f 882 884 824
f 883 821 885
f 883 885 884
f 884 885 886
f 884 886 824
f 885 821 887
f 885 887 886
f 886 887 888
f 886 888 824
f 887 821 889
f 887 889 888
f 888 889 890
f 888 890 824
f 889 821 891
f 889 891 890
f 890 891 892
f 890 892 824
f 891 821 893
f 891 893 892
f 892 893 894
f 892 894 824
f 893 821 895
f 893 895 894
f 894 895 896
f 894 896 824
f 895 821 897
f 895 897 896
f 896 897 898
f 896 898 824
f 897 821 899
f 897 899 898
f 898 899 900
f 898 900 824
f 899 821 901
f 899 901 900
f 900 901 902
f 900 902 824
f 901 821 822
f 901 822 902
f 902 822 823
f 902 823 824

o geometry_46
v 0.00000000 0.00000000 -15.06000000
v 0.15000000 0.00000000 -15.06000000
v 0.15000000 0.00000000 -14.94000000
v 0.00000000 0.00000000 -14.94000000
v 0.14871673 0.01957893 -15.06000000
v 0.14871673 0.01957893 -14.94000000
v 0.14488887 0.03882286 -15.06000000
v 0.14488887 0.03882286 -14.94000000
v 0.13858193 0.05740251 -15.06000000
v 0.13858193 0.05740251 -14.94000000
v 0.12990381 0.07500000 -15.06000000
v 0.12990381 0.07500000 -14.94000000
v 0.11900300 0.09131421 -15.06000000
v 0.11900300 0.09131421 -14.94000000
v 0.10606602 0.10606602 -15.06000000
v 0.10606602 0.10606602 -14.94000000
v 0.09131421 0.11900300 -15.06000000
v 0.09131421 0.11900300 -14.94000000
v 0.07500000 0.12990381 -15.06000000
v 0.07500000 0.12990381 -14.94000000
v 0.05740251 0.13858193 -15.06000000
v 0.05740251 0.13858193 -14.94000000
v 0.03882286 0.14488887 -15.06000000
v 0.03882286 0.14488887 -14.94000000
v 0.01957893 0.14871673 -15.06000000
v 0.01957893 0.14871673 -14.94000000
v 0.00000000 0.15000000 -15.06000000
v 0.00000000 0.15000000 -14.94000000
v -0.01957893 0.14871673 -15.06000000
v -0.01957893 0.14871673 -14.94000000
v -0.03882286 0.14488887 -15.06000000
v -0.03882286 0.14488887 -14.94000000
v -0.05740251 0.13858193 -15.06000000
v -0.05740251 0.13858193 -14.94000000
v -0.07500000 0.12990381 -15.06000000
v -0.07500000 0.12990381 -14.94000000
v -0.09131421 0.11900300 -15.06000000
v -0.09131421 0.11900300 -14.94000000
v -0.10606602 0.10606602 -15.06000000
v -0.10606602 0.10606602 -14.94000000
v -0.11900300 0.09131421 -15.06000000
v -0.11900300 0.09131421 -14.94000000
v -0.12990381 0.07500000 -15.06000000
v -0.12990381 0.07500000 -14.94000000
v -0.13858193 0.05740251 -15.06000000
v -0.13858193 0.05740251 -14.94000000
v -0.14488887 0.03882286 -15.06000000
v -0.14488887 0.03882286 -14.94000000
v -0.14871673 0.01957893 -15.06000000
v -0.14871673 0.01957893 -14.94000000
v -0.15000000 0.00000000 -15.06000000
v -0.15000000 0.00000000 -14.94000000
v -0.14871673 -0.01957893 -15.06000000
v -0.14871673 -0.01957893 -14.94000000
v -0.14488887 -0.03882286 -15.06000000
v -0.14488887 -0.03882286 -14.94000000
v -0.13858193 -0.05740251 -15.06000000
v -0.13858193 -0.05740251 -14.94000000
v -0.12990381 -0.07500000 -15.06000000
v -0.12990381 -0.07500000 -14.94000000
v -0.11900300 -0.09131421 -15.06000000
v -0.11900300 -0.09131421 -14.94000000
v -0.10606602 -0.10606602 -15.06000000
v -0.10606602 -0.10606602 -14.94000000
v -0.09131421 -0.11900300 -15.06000000
v -0.09131421 -0.11900300 -14.94000000
v -0.07500000 -0.12990381 -15.06000000
v -0.07500000 -0.12990381 -14.94000000
v -0.05740251 -0.13858193 -15.06000000
v -0.05740251 -0.13858193 -14.94000000
v -0.03882286 -0.14488887 -15.06000000
v -0.03882286 -0.14488887 -14.94000000
v -0.01957893 -0.14871673 -15.06000000
v -0.01957893 -0.14871673 -14.94000000
v -0.00000000 -0.15000000 -15.06000000
v -0.00000000 -0.15000000 -14.94000000
v 0.01957893 -0.14871673 -15.06000000
v 0.01957893 -0.14871673 -14.94000000
v 0.03882286 -0.14488887 -15.06000000
v 0.03882286 -0.14488887 -14.94000000
v 0.05740251 -0.13858193 -15.06000000
v 0.05740251 -0.13858193 -14.94000000
v 0.07500000 -0.12990381 -15.06000000
v 0.07500000 -0.12990381 -14.94000000
v 0.09131421 -0.11900300 -15.06000000
v 0.09131421 -0.11900300 -14.94000000
v 0.10606602 -0.10606602 -15.06000000
v 0.10606602 -0.10606602 -14.94000000
v 0.11900300 -0.09131421 -15.06000000
v 0.11900300 -0.09131421 -14.94000000
v 0.12990381 -0.07500000 -15.06000000
v 0.12990381 -0.07500000 -14.94000000
v 0.13858193 -0.05740251 -15.06000000
v 0.13858193 -0.05740251 -14.94000000
v 0.14488887 -0.03882286 -15.06000000
v 0.14488887 -0.03882286 -14.94000000
v 0.14871673 -0.01957893 -15.06000000
v 0.14871673 -0.01957893 -14.94000000
f 904 903 907
f 904 907 905
f 905 907 908
f 905 908 906
f 907 903 909
f 907 909 908
f 908 909 910
f 908 910 906
f 909 903 911
f 909 911 910
f 910 911 912
f 910 912 906
f 911 903 913
f 911 913 912
f 912 913 914
f 912 914 906
f 913 903 915
f 913 915 914
f 914 915 916
f 914 916 906
f 915 903 917
f 915 917 916
f 916 917 918
f 916 918 906
f 917 903 919
f 917 919 918
f 918 919 920
f 918 920 906
f 919 903 921
f 919 921 920
f 920 921 922
f 920 922 906
f 921 903 923
f 921 923 922
f 922 923 924
f 922 924 906
f 923 903 925
f 923 925 924
f 924 925 926
f 924 926 906
f 925 903 927
f 925 927 926
f 926 927 928
f 926 928 906
f 927 903 929
f 927 929 928
f 928 929 930
f 928 930 906
f 929 903 931
f 929 931 930
f 930 931 932
f 930 932 906
f 931 903 933
f 931 933 932
f 932 933 934
f 932 934 906
f 933 903 935
f 933 935 934
f 934 935 936
f 934 936 906
f 935 903 937
f 935 937 936
f 936 937 938
f 936 938 906
f 937 903 939
f 937 939 938
f 938 939 940
f 938 940 906
f 939 903 941
f 939 941 940
f 940 941 942
f 940 942 906
f 941 903 943
f 941 943 942
f 942 943 944
f 942 944 906
f 943 903 945
f 943 945 944
f 944 945 946
f 944 946 906
f 945 903 947
f 945 947 946
f 946 947 948
f 946 948 906
f 947 903 949
f 947 949 948
f 948 949 950
f 948 950 906
f 949 903 951
f 949 951 950
f 950 951 952
f 950 952 906
f 951 903 953
f 951 953 952
f 952 953 954
f 952 954 906
f 953 903 955
f 953 955 954
f 954 955 956
f 954 956 906
f 955 903 957
f 955 957 956
f 956 957 958
f 956 958 906
f 957 903 959
f 957 959 958
f 958 959 960
f 958 960 906
f 959 903 961
f 959 961 960
f 960 961 962
f 960 962 906
f 961 903 963
f 961 963 962
f 962 963 964
f 962 964 906
f 963 903 965
f 963 965 964
f 964 965 966
f 964 966 906
f 965 903 967
f 965 967 966
f 966 967 968
f 966 968 906
f 967 903 969
f 967 969 968
f 968 969 970
f 968 970 906
f 969 903 971
f 969 971 970
f 970 971 972
f 970 972 906
f 971 903 973
f 971 973 972
f 972 973 974
f 972 974 906
f 973 903 975
f 973 975 974
f 974 975 976
f 974 976 906
f 975 903 977
f 975 977 976
f 976 977 978
f 976 978 906
f 977 903 979
f 977 979 978
f 978 979 980
f 978 980 906
f 979 903 981
f 979 981 980
f 980 981 982
f 980 982 906
f 981 903 983
f 981 983 982
f 982 983 984
f 982 984 906
f 983 903 985
f 983 985 984
f 984 985 986
f 984 986 906
f 985 903 987
f 985 987 986
f 986 987 988
f 986 988 906
f 987 903 989
f 987 989 988
f 988 989 990
f 988 990 906
f 989 903 991
f 989 991 990
f 990 991 992
f 990 992 906
f 991 903 993
f 991 993 992
f 992 993 994
f 992 994 906
f 993 903 995
f 993 995 994
f 994 995 996
f 994 996 906
f 995 903 997
f 995 997 996
f 996 997 998
f 996 998 906
f 997 903 999
f 997 999 998
f 998 999 1000
f 998 1000 906
f 999 903 904
f 999 904 1000
f 1000 904 905
f 1000 905 906

o geometry_47
v 0.10000000 0.00000000 -15.60000000
v -0.12980061 0.00000000 -15.60957503
v -0.02980061 0.00000000 -18.00957503
v 0.20000000 0.00000000 -18.00000000
v -0.12697138 0.03597993 -15.60945714
v -0.02697138 0.03597993 -18.00945714
v -0.11855336 0.07107391 -15.60910639
v -0.01855336 0.07107391 -18.00910639
v -0.10475384 0.10441781 -15.60853141
v -0.00475384 0.10441781 -18.00853141
v -0.08591260 0.13519061 -15.60774636
v 0.01408740 0.13519061 -18.00774636
v -0.06249357 0.16263456 -15.60677057
v 0.03750643 0.16263456 -18.00677057
v -0.03507341 0.18607391 -15.60562806
v 0.06492659 0.18607391 -18.00562806
v -0.00432729 0.20493150 -15.60434697
v 0.09567271 0.20493150 -18.00434697
v 0.02898771 0.21874300 -15.60295885
v 0.12898771 0.21874300 -18.00295885
v 0.06405127 0.22716832 -15.60149786
v 0.16405127 0.22716832 -18.00149786
v 0.10000000 0.23000000 -15.60000000
v 0.20000000 0.23000000 -18.00000000
v 0.13594873 0.22716832 -15.59850214
v 0.23594873 0.22716832 -17.99850214
v 0.17101229 0.21874300 -15.59704115
v 0.27101229 0.21874300 -17.99704115
v 0.20432729 0.20493150 -15.59565303
v 0.30432729 0.20493150 -17.99565303
v 0.23507341 0.18607391 -15.59437194
v 0.33507341 0.18607391 -17.99437194
v 0.26249357 0.16263456 -15.59322943
v 0.36249357 0.16263456 -17.99322943
v 0.28591260 0.13519061 -15.59225364
v 0.38591260 0.13519061 -17.99225364
v 0.30475384 0.10441781 -15.59146859
v 0.40475384 0.10441781 -17.99146859
v 0.31855336 0.07107391 -15.59089361
v 0.41855336 0.07107391 -17.99089361
v 0.32697138 0.03597993 -15.59054286
v 0.42697138 0.03597993 -17.99054286
v 0.32980061 0.00000000 -15.59042497
v 0.42980061 0.00000000 -17.99042497
v 0.32697138 -0.03597993 -15.59054286
v 0.42697138 -0.03597993 -17.99054286
v 0.31855336 -0.07107391 -15.59089361
v 0.41855336 -0.07107391 -17.99089361
v 0.30475384 -0.10441781 -15.59146859
v 0.40475384 -0.10441781 -17.99146859
v 0.28591260 -0.13519061 -15.59225364
v 0.38591260 -0.13519061 -17.99225364
v 0.26249357 -0.16263456 -15.59322943
v 0.36249357 -0.16263456 -17.99322943
v 0.23507341 -0.18607391 -15.59437194
v 0.33507341 -0.18607391 -17.99437194
v 0.20432729 -0.20493150 -15.59565303
v 0.30432729 -0.20493150 -17.99565303
v 0.17101229 -0.21874300 -15.59704115
v 0.27101229 -0.21874300 -17.99704115
v 0.13594873 -0.22716832 -15.59850214
v 0.23594873 -0.22716832 -17.99850214
v 0.10000000 -0.23000000 -15.60000000
v 0.20000000 -0.23000000 -18.00000000
v 0.06405127 -0.22716832 -15.60149786
v 0.16405127 -0.22716832 -18.00149786
v 0.02898771 -0.21874300 -15.60295885
v 0.12898771 -0.21874300 -18.00295885
v -0.00432729 -0.20493150 -15.60434697
v 0.09567271 -0.20493150 -18.00434697
v -0.03507341 -0.18607391 -15.60562806
v 0.06492659 -0.18607391 -18.00562806
v -0.06249357 -0.16263456 -15.60677057
v 0.03750643 -0.16263456 -18.00677057
v -0.08591260 -0.13519061 -15.60774636
v 0.01408740 -0.13519061 -18.00774636
v -0.10475384 -0.10441781 -15.60853141
v -0.00475384 -0.10441781 -18.00853141
v -0.11855336 -0.07107391 -15.60910639
v -0.01855336 -0.07107391 -18.00910639
v -0.12697138 -0.03597993 -15.60945714
v -0.02697138 -0.03597993 -18.00945714
f 1002 1001 1005
f 1002 1005 1003
f 1003 1005 1006
f 1003 1006 1004
f 1005 1001 1007
f 1005 1007 1006
f 1006 1007 1008
f 1006 1008 1004
f 1007 1001 1009
f 1007 1009 1008
f 1008 1009 1010
f 1008 1010 1004
f 1009 1001 1011
f 1009 1011 1010
f 1010 1011 1012
f 1010 1012 1004
f 1011 1001 1013
f 1011 1013 1012
f 1012 1013 1014
f 1012 1014 1004
f 1013 1001 1015
f 1013 1015 1014
f 1014 1015 1016
f 1014 1016 1004
f 1015 1001 1017
f 1015 1017 1016
f 1016 1017 1018
f 1016 1018 1004
f 1017 1001 1019
f 1017 1019 1018
f 1018 1019 1020
f 1018 1020 1004
f 1019 1001 1021
f 1019 1021 1020
f 1020 1021 1022
f 1020 1022 1004
f 1021 1001 1023
f 1021 1023 1022
f 1022 1023 1024
f 1022 1024 1004
f 1023 1001 1025
f 1023 1025 1024
f 1024 1025 1026
f 1024 1026 1004
f 1025 1001 1027
f 1025 1027 1026
f 1026 1027 1028
f 1026 1028 1004
f 1027 1001 1029
f 1027 1029 1028
f 1028 1029 1030
f 1028 1030 1004
f 1029 1001 1031
f 1029 1031 1030
f 1030 1031 1032
f 1030 1032 1004
f 1031 1001 1033
f 1031 1033 1032
f 1032 1033 1034
f 1032 1034 1004
f 1033 1001 1035
f 1033 1035 1034
f 1034 1035 1036
f 1034 1036 1004
f 1035 1001 1037
f 1035 1037 1036
f 1036 1037 1038
f 1036 1038 1004
f 1037 1001 1039
f 1037 1039 1038
f 1038 1039 1040
f 1038 1040 1004
f 1039 1001 1041
f 1039 1041 1040
f 1040 1041 1042
f 1040 1042 1004
f 1041 1001 1043
f 1041 1043 1042
f 1042 1043 1044
f 1042 1044 1004
f 1043 1001 1045
f 1043 1045 1044
f 1044 1045 1046
f 1044 1046 1004
f 1045 1001 1047
f 1045 1047 1046
f 1046 1047 1048
f 1046 1048 1004
f 1047 1001 1049
f 1047 1049 1048
f 1048 1049 1050
f 1048 1050 1004
f 1049 1001 1051
f 1049 1051 1050
f 1050 1051 1052
f 1050 1052 1004
f 1051 1001 1053
f 1051 1053 1052
f 1052 1053 1054
f 1052 1054 1004
f 1053 1001 1055
f 1053 1055 1054
f 1054 1055 1056
f 1054 1056 1004
f 1055 1001 1057
f 1055 1057 1056
f 1056 1057 1058
f 1056 1058 1004
f 1057 1001 1059
f 1057 1059 1058
f 1058 1059 1060
f 1058 1060 1004
f 1059 1001 1061
f 1059 1061 1060
f 1060 1061 1062
f 1060 1062 1004
f 1061 1001 1063
f 1061 1063 1062
f 1062 1063 1064
f 1062 1064 1004
f 1063 1001 1065
f 1063 1065 1064
f 1064 1065 1066
f 1064 1066 1004
f 1065 1001 1067
f 1065 1067 1066
f 1066 1067 1068
f 1066 1068 1004
f 1067 1001 1069
f 1067 1069 1068
f 1068 1069 1070
f 1068 1070 1004
f 1069 1001 1071
f 1069 1071 1070
f 1070 1071 1072
f 1070 1072 1004
f 1071 1001 1073
f 1071 1073 1072
f 1072 1073 1074
f 1072 1074 1004
f 1073 1001 1075
f 1073 1075 1074
f 1074 1075 1076
f 1074 1076 1004
f 1075 1001 1077
f 1075 1077 1076
f 1076 1077 1078
f 1076 1078 1004
f 1077 1001 1079
f 1077 1079 1078
f 1078 1079 1080
f 1078 1080 1004
f 1079 1001 1081
f 1079 1081 1080
f 1080 1081 1082
f 1080 1082 1004
f 1081 1001 1002
f 1081 1002 1082
f 1082 1002 1003
f 1082 1003 1004

o geometry_48
v 0.20000000 0.00000000 -18.00000000
v 0.01489061 0.00000000 -18.07572657
v 0.46489061 0.00000000 -19.17572657
v 0.65000000 0.00000000 -19.10000000
v 0.01716961 0.03128689 -18.07479425
v 0.46716961 0.03128689 -19.17479425
v 0.02395051 0.06180340 -18.07202025
v 0.47395051 0.06180340 -19.17202025
v 0.03506632 0.09079810 -18.06747287
v 0.48506632 0.09079810 -19.16747287
v 0.05024336 0.11755705 -18.06126408
v 0.50024336 0.11755705 -19.16126408
v 0.06910789 0.14142136 -18.05354677
v 0.51910789 0.14142136 -19.15354677
v 0.09119543 0.16180340 -18.04451096
v 0.54119543 0.16180340 -19.14451096
v 0.11596209 0.17820130 -18.03437914
v 0.56596209 0.17820130 -19.13437914
v 0.14279805 0.19021130 -18.02340080
v 0.59279805 0.19021130 -19.12340080
v 0.17104251 0.19753767 -18.01184625
v 0.62104251 0.19753767 -19.11184625
v 0.20000000 0.20000000 -18.00000000
v 0.65000000 0.20000000 -19.10000000
v 0.22895749 0.19753767 -17.98815375
v 0.67895749 0.19753767 -19.08815375
v 0.25720195 0.19021130 -17.97659920
v 0.70720195 0.19021130 -19.07659920
v 0.28403791 0.17820130 -17.96562086
v 0.73403791 0.17820130 -19.06562086
v 0.30880457 0.16180340 -17.95548904
v 0.75880457 0.16180340 -19.05548904
v 0.33089211 0.14142136 -17.94645323
v 0.78089211 0.14142136 -19.04645323
v 0.34975664 0.11755705 -17.93873592
v 0.79975664 0.11755705 -19.03873592
v 0.36493368 0.09079810 -17.93252713
v 0.81493368 0.09079810 -19.03252713
v 0.37604949 0.06180340 -17.92797975
v 0.82604949 0.06180340 -19.02797975
v 0.38283039 0.03128689 -17.92520575
v 0.83283039 0.03128689 -19.02520575
v 0.38510939 0.00000000 -17.92427343
v 0.83510939 0.00000000 -19.02427343
v 0.38283039 -0.03128689 -17.92520575
v 0.83283039 -0.03128689 -19.02520575
v 0.37604949 -0.06180340 -17.92797975
v 0.82604949 -0.06180340 -19.02797975
v 0.36493368 -0.09079810 -17.93252713
v 0.81493368 -0.09079810 -19.03252713
v 0.34975664 -0.11755705 -17.93873592
v 0.79975664 -0.11755705 -19.03873592
v 0.33089211 -0.14142136 -17.94645323
v 0.78089211 -0.14142136 -19.04645323
v 0.30880457 -0.16180340 -17.95548904
v 0.75880457 -0.16180340 -19.05548904
v 0.28403791 -0.17820130 -17.96562086
v 0.73403791 -0.17820130 -19.06562086
v 0.25720195 -0.19021130 -17.97659920
v 0.70720195 -0.19021130 -19.07659920
v 0.22895749 -0.19753767 -17.98815375
v 0.67895749 -0.19753767 -19.08815375
v 0.20000000 -0.20000000 -18.00000000
v 0.65000000 -0.20000000 -19.10000000
v 0.17104251 -0.19753767 -18.01184625
v 0.62104251 -0.19753767 -19.11184625
v 0.14279805 -0.19021130 -18.02340080
v 0.59279805 -0.19021130 -19.12340080
v 0.11596209 -0.17820130 -18.03437914
v 0.56596209 -0.17820130 -19.13437914
v 0.09119543 -0.16180340 -18.04451096
v 0.54119543 -0.16180340 -19.14451096
v 0.06910789 -0.14142136 -18.05354677
v 0.51910789 -0.14142136 -19.15354677
v 0.05024336 -0.11755705 -18.06126408
v 0.50024336 -0.11755705 -19.16126408
v 0.03506632 -0.09079810 -18.06747287
v 0.48506632 -0.09079810 -19.16747287
v 0.02395051 -0.06180340 -18.07202025
v 0.47395051 -0.06180340 -19.17202025
v 0.01716961 -0.03128689 -18.07479425
v 0.46716961 -0.03128689 -19.17479425
f 1084 1083 1087
f 1084 1087 1085
f 1085 1087 1088
f 1085 1088 1086
f 1087 1083 1089
f 1087 1089 1088
f 1088 1089 1090
f 1088 1090 1086
f 1089 1083 1091
f 1089 1091 1090
f 1090 1091 1092
f 1090 1092 1086
f 1091 1083 1093
f 1091 1093 1092
f 1092 1093 1094
f 1092 1094 1086
f 1093 1083 1095
f 1093 1095 1094
f 1094 1095 1096
f 1094 1096 1086
f 1095 1083 1097
f 1095 1097 1096
f 1096 1097 1098
f 1096 1098 1086
f 1097 1083 1099
f 1097 1099 1098
f 1098 1099 1100
f 1098 1100 1086
f 1099 1083 1101
f 1099 1101 1100
f 1100 1101 1102
f 1100 1102 1086
f 1101 1083 1103
f 1101 1103 1102
f 1102 1103 1104
f 1102 1104 1086
f 1103 1083 1105
f 1103 1105 1104
f 1104 1105 1106
f 1104 1106 1086
f 1105 1083 1107
f 1105 1107 1106
f 1106 1107 1108
f 1106 1108 1086
f 1107 1083 1109
f 1107 1109 1108
f 1108 1109 1110
f 1108 1110 1086
f 1109 1083 1111
f 1109 1111 1110
f 1110 1111 1112
f 1110 1112 1086
f 1111 1083 1113
f 1111 1113 1112
f 1112 1113 1114
f 1112 1114 1086
f 1113 1083 1115
f 1113 1115 1114
f 1114 1115 1116
f 1114 1116 1086
f 1115 1083 1117
f 1115 1117 1116
f 1116 1117 1118
f 1116 1118 1086
f 1117 1083 1119
f 1117 1119 1118
f 1118 1119 1120
f 1118 1120 1086
f 1119 1083 1121
f 1119 1121 1120
f 1120 1121 1122
f 1120 1122 1086
f 1121 1083 1123
f 1121 1123 1122
f 1122 1123 1124
f 1122 1124 1086
f 1123 1083 1125
f 1123 1125 1124
f 1124 1125 1126
f 1124 1126 1086
f 1125 1083 1127
f 1125 1127 1126
f 1126 1127 1128
f 1126 1128 1086
f 1127 1083 1129
f 1127 1129 1128
f 1128 1129 1130
f 1128 1130 1086
f 1129 1083 1131
f 1129 1131 1130
f 1130 1131 1132
f 1130 1132 1086
f 1131 1083 1133
f 1131 1133 1132
f 1132 1133 1134
f 1132 1134 1086
f 1133 1083 1135
f 1133 1135 1134
f 1134 1135 1136
f 1134 1136 1086
f 1135 1083 1137
f 1135 1137 1136
f 1136 1137 1138
f 1136 1138 1086
f 1137 1083 1139
f 1137 1139 1138
f 1138 1139 1140
f 1138 1140 1086
f 1139 1083 1141
f 1139 1141 1140
f 1140 1141 1142
f 1140 1142 1086
f 1141 1083 1143
f 1141 1143 1142
f 1142 1143 1144
f 1142 1144 1086
f 1143 1083 1145
f 1143 1145 1144
f 1144 1145 1146
f 1144 1146 1086
f 1145 1083 1147
f 1145 1147 1146
f 1146 1147 1148
f 1146 1148 1086
f 1147 1083 1149
f 1147 1149 1148
f 1148 1149 1150
f 1148 1150 1086
f 1149 1083 1151
f 1149 1151 1150
f 1150 1151 1152
f 1150 1152 1086
f 1151 1083 1153
f 1151 1153 1152
f 1152 1153 1154
f 1152 1154 1086
f 1153 1083 1155
f 1153 1155 1154
f 1154 1155 1156
f 1154 1156 1086
f 1155 1083 1157
f 1155 1157 1156
f 1156 1157 1158
f 1156 1158 1086
f 1157 1083 1159
f 1157 1159 1158
f 1158 1159 1160
f 1158 1160 1086
f 1159 1083 1161
f 1159 1161 1160
f 1160 1161 1162
f 1160 1162 1086
f 1161 1083 1163
f 1161 1163 1162
f 1162 1163 1164
f 1162 1164 1086
f 1163 1083 1084
f 1163 1084 1164
f 1164 1084 1085
f 1164 1085 1086

o geometry_49
v 0.65000000 0.00000000 -19.10000000
v 0.38436868 0.00000000 -19.18854377
v 0.53436868 0.00000000 -19.63854377
v 0.80000000 0.00000000 -19.55000000
v 0.38763904 0.04380165 -19.18745365
v 0.53763904 0.04380165 -19.63745365
v 0.39736960 0.08652476 -19.18421013
v 0.54736960 0.08652476 -19.63421013
v 0.41332076 0.12711734 -19.17889308
v 0.56332076 0.12711734 -19.62889308
v 0.43509975 0.16457987 -19.17163342
v 0.58509975 0.16457987 -19.62163342
v 0.46217029 0.19798990 -19.16260990
v 0.61217029 0.19798990 -19.61260990
v 0.49386583 0.22652476 -19.15204472
v 0.64386583 0.22652476 -19.60204472
v 0.52940590 0.24948183 -19.14019803
v 0.67940590 0.24948183 -19.59019803
v 0.56791541 0.26629582 -19.12736153
v 0.71791541 0.26629582 -19.57736153
v 0.60844611 0.27655274 -19.11385130
v 0.75844611 0.27655274 -19.56385130
v 0.65000000 0.28000000 -19.10000000
v 0.80000000 0.28000000 -19.55000000
v 0.69155389 0.27655274 -19.08614870
v 0.84155389 0.27655274 -19.53614870
v 0.73208459 0.26629582 -19.07263847
v 0.88208459 0.26629582 -19.52263847
v 0.77059410 0.24948183 -19.05980197
v 0.92059410 0.24948183 -19.50980197
v 0.80613417 0.22652476 -19.04795528
v 0.95613417 0.22652476 -19.49795528
v 0.83782971 0.19798990 -19.03739010
v 0.98782971 0.19798990 -19.48739010
v 0.86490025 0.16457987 -19.02836658
v 1.01490025 0.16457987 -19.47836658
v 0.88667924 0.12711734 -19.02110692
v 1.03667924 0.12711734 -19.47110692
v 0.90263040 0.08652476 -19.01578987
v 1.05263040 0.08652476 -19.46578987
v 0.91236096 0.04380165 -19.01254635
v 1.06236096 0.04380165 -19.46254635
v 0.91563132 0.00000000 -19.01145623
v 1.06563132 0.00000000 -19.46145623
v 0.91236096 -0.04380165 -19.01254635
v 1.06236096 -0.04380165 -19.46254635
v 0.90263040 -0.08652476 -19.01578987
v 1.05263040 -0.08652476 -19.46578987
v 0.88667924 -0.12711734 -19.02110692
v 1.03667924 -0.12711734 -19.47110692
v 0.86490025 -0.16457987 -19.02836658
v 1.01490025 -0.16457987 -19.47836658
v 0.83782971 -0.19798990 -19.03739010
v 0.98782971 -0.19798990 -19.48739010
v 0.80613417 -0.22652476 -19.04795528
v 0.95613417 -0.22652476 -19.49795528
v 0.77059410 -0.24948183 -19.05980197
v 0.92059410 -0.24948183 -19.50980197
v 0.73208459 -0.26629582 -19.07263847
v 0.88208459 -0.26629582 -19.52263847
v 0.69155389 -0.27655274 -19.08614870
v 0.84155389 -0.27655274 -19.53614870
v 0.65000000 -0.28000000 -19.10000000
v 0.80000000 -0.28000000 -19.55000000
v 0.60844611 -0.27655274 -19.11385130
v 0.75844611 -0.27655274 -19.56385130
v 0.56791541 -0.26629582 -19.12736153
v 0.71791541 -0.26629582 -19.57736153
v 0.52940590 -0.24948183 -19.14019803
v 0.67940590 -0.24948183 -19.59019803
v 0.49386583 -0.22652476 -19.15204472
v 0.64386583 -0.22652476 -19.60204472
v 0.46217029 -0.19798990 -19.16260990
v 0.61217029 -0.19798990 -19.61260990
v 0.43509975 -0.16457987 -19.17163342
v 0.58509975 -0.16457987 -19.62163342
v 0.41332076 -0.12711734 -19.17889308
v 0.56332076 -0.12711734 -19.62889308
v 0.39736960 -0.08652476 -19.18421013
v 0.54736960 -0.08652476 -19.63421013
v 0.38763904 -0.04380165 -19.18745365
v 0.53763904 -0.04380165 -19.63745365
f 1166 1165 1169
f 1166 1169 1167
f 1167 1169 1170
f 1167 1170 1168
f 1169 1165 1171
f 1169 1171 1170
f 1170 1171 1172
f 1170 1172 1168
f 1171 1165 1173
f 1171 1173 1172
f 1172 1173 1174
f 1172 1174 1168
f 1173 1165 1175
f 1173 1175 1174
f 1174 1175 1176
f 1174 1176 1168
f 1175 1165 1177
f 1175 1177 1176
f 1176 1177 1178
f 1176 1178 1168
f 1177 1165 1179
f 1177 1179 1178
f 1178 1179 1180
f 1178 1180 1168
f 1179 1165 1181
f 1179 1181 1180
f 1180 1181 1182
f 1180 1182 1168
f 1181 1165 1183
f 1181 1183 1182
f 1182 1183 1184
f 1182 1184 1168
f 1183 1165 1185
f 1183 1185 1184
f 1184 1185 1186
f 1184 1186 1168
f 1185 1165 1187
f 1185 1187 1186
f 1186 1187 1188
f 1186 1188 1168
f 1187 1165 1189
f 1187 1189 1188
f 1188 1189 1190
f 1188 1190 1168
f 1189 1165 1191
f 1189 1191 1190
f 1190 1191 1192
f 1190 1192 1168
f 1191 1165 1193
f 1191 1193 1192
f 1192 1193 1194
f 1192 1194 1168
f 1193 1165 1195
f 1193 1195 1194
f 1194 1195 1196
f 1194 1196 1168
f 1195 1165 1197
f 1195 1197 1196
f 1196 1197 1198
f 1196 1198 1168
f 1197 1165 1199
f 1197 1199 1198
f 1198 1199 1200
f 1198 1200 1168
f 1199 1165 1201
f 1199 1201 1200
f 1200 1201 1202
f 1200 1202 1168
f 1201 1165 1203
f 1201 1203 1202
f 1202 1203 1204
f 1202 1204 1168
f 1203 1165 1205
f 1203 1205 1204
f 1204 1205 1206
f 1204 1206 1168
f 1205 1165 1207
f 1205 1207 1206
f 1206 1207 1208
f 1206 1208 1168
f 1207 1165 1209
f 1207 1209 1208
f 1208 1209 1210
f 1208 1210 1168
f 1209 1165 1211
f 1209 1211 1210
f 1210 1211 1212
f 1210 1212 1168
f 1211 1165 1213
f 1211 1213 1212
f 1212 1213 1214
f 1212 1214 1168
f 1213 1165 1215
f 1213 1215 1214
f 1214 1215 1216
f 1214 1216 1168
f 1215 1165 1217
f 1215 1217 1216
f 1216 1217 1218
f 1216 1218 1168
f 1217 1165 1219
f 1217 1219 1218
f 1218 1219 1220
f 1218 1220 1168
f 1219 1165 1221
f 1219 1221 1220
f 1220 1221 1222
f 1220 1222 1168
f 1221 1165 1223
f 1221 1223 1222
f 1222 1223 1224
f 1222 1224 1168
f 1223 1165 1225
f 1223 1225 1224
f 1224 1225 1226
f 1224 1226 1168
f 1225 1165 1227
f 1225 1227 1226
f 1226 1227 1228
f 1226 1228 1168
f 1227 1165 1229
f 1227 1229 1228
f 1228 1229 1230
f 1228 1230 1168
f 1229 1165 1231
f 1229 1231 1230
f 1230 1231 1232
f 1230 1232 1168
f 1231 1165 1233
f 1231 1233 1232
f 1232 1233 1234
f 1232 1234 1168
f 1233 1165 1235
f 1233 1235 1234
f 1234 1235 1236
f 1234 1236 1168
f 1235 1165 1237
f 1235 1237 1236
f 1236 1237 1238
f 1236 1238 1168
f 1237 1165 1239
f 1237 1239 1238
f 1238 1239 1240
f 1238 1240 1168
f 1239 1165 1241
f 1239 1241 1240
f 1240 1241 1242
f 1240 1242 1168
f 1241 1165 1243
f 1241 1243 1242
f 1242 1243 1244
f 1242 1244 1168
f 1243 1165 1245
f 1243 1245 1244
f 1244 1245 1246
f 1244 1246 1168
f 1245 1165 1166
f 1245 1166 1246
f 1246 1166 1167
f 1246 1167 1168

o geometry_57
v 0.00000000 0.00000000 -19.65000000
v 0.03500000 0.00000000 -19.65000000
v 0.03500000 0.00000000 -19.45000000
v 0.00000000 0.00000000 -19.45000000
v 0.03233578 0.01339392 -19.65000000
v 0.03233578 0.01339392 -19.45000000
v 0.02474874 0.02474874 -19.65000000
v 0.02474874 0.02474874 -19.45000000
v 0.01339392 0.03233578 -19.65000000
v 0.01339392 0.03233578 -19.45000000
v 0.00000000 0.03500000 -19.65000000
v 0.00000000 0.03500000 -19.45000000
v -0.01339392 0.03233578 -19.65000000
v -0.01339392 0.03233578 -19.45000000
v -0.02474874 0.02474874 -19.65000000
v -0.02474874 0.02474874 -19.45000000
v -0.03233578 0.01339392 -19.65000000
v -0.03233578 0.01339392 -19.45000000
v -0.03500000 0.00000000 -19.65000000
v -0.03500000 0.00000000 -19.45000000
v -0.03233578 -0.01339392 -19.65000000
v -0.03233578 -0.01339392 -19.45000000
v -0.02474874 -0.02474874 -19.65000000
v -0.02474874 -0.02474874 -19.45000000
v -0.01339392 -0.03233578 -19.65000000
v -0.01339392 -0.03233578 -19.45000000
v -0.00000000 -0.03500000 -19.65000000
v -0.00000000 -0.03500000 -19.45000000
v 0.01339392 -0.03233578 -19.65000000
v 0.01339392 -0.03233578 -19.45000000
v 0.02474874 -0.02474874 -19.65000000
v 0.02474874 -0.02474874 -19.45000000
v 0.03233578 -0.01339392 -19.65000000
v 0.03233578 -0.01339392 -19.45000000
f 1248 1247 1251
f 1248 1251 1249
f 1249 1251 1252
f 1249 1252 1250
f 1251 1247 1253
f 1251 1253 1252
f 1252 1253 1254
f 1252 1254 1250
f 1253 1247 1255
f 1253 1255 1254
f 1254 1255 1256
f 1254 1256 1250
f 1255 1247 1257
f 1255 1257 1256
f 1256 1257 1258
f 1256 1258 1250
f 1257 1247 1259
f 1257 1259 1258
f 1258 1259 1260
f 1258 1260 1250
f 1259 1247 1261
f 1259 1261 1260
f 1260 1261 1262
f 1260 1262 1250
f 1261 1247 1263
f 1261 1263 1262
f 1262 1263 1264
f 1262 1264 1250
f 1263 1247 1265
f 1263 1265 1264
f 1264 1265 1266
f 1264 1266 1250
f 1265 1247 1267
f 1265 1267 1266
f 1266 1267 1268
f 1266 1268 1250
f 1267 1247 1269
f 1267 1269 1268
f 1268 1269 1270
f 1268 1270 1250
f 1269 1247 1271
f 1269 1271 1270
f 1270 1271 1272
f 1270 1272 1250
f 1271 1247 1273
f 1271 1273 1272
f 1272 1273 1274
f 1272 1274 1250
f 1273 1247 1275
f 1273 1275 1274
f 1274 1275 1276
f 1274 1276 1250
f 1275 1247 1277
f 1275 1277 1276
f 1276 1277 1278
f 1276 1278 1250
f 1277 1247 1279
f 1277 1279 1278
f 1278 1279 1280
f 1278 1280 1250
f 1279 1247 1248
f 1279 1248 1280
f 1280 1248 1249
f 1280 1249 1250

o geometry_58
v 0.00000000 0.00000000 -14.32500000
v 0.21000000 0.00000000 -14.32500000
v 0.21000000 0.00000000 -13.67500000
v 0.00000000 0.00000000 -13.67500000
v 0.20820342 0.02741050 -14.32500000
v 0.20820342 0.02741050 -13.67500000
v 0.20284442 0.05435200 -14.32500000
v 0.20284442 0.05435200 -13.67500000
v 0.19401470 0.08036352 -14.32500000
v 0.19401470 0.08036352 -13.67500000
v 0.18186533 0.10500000 -14.32500000
v 0.18186533 0.10500000 -13.67500000
v 0.16660420 0.12783990 -14.32500000
v 0.16660420 0.12783990 -13.67500000
v 0.14849242 0.14849242 -14.32500000
v 0.14849242 0.14849242 -13.67500000
v 0.12783990 0.16660420 -14.32500000
v 0.12783990 0.16660420 -13.67500000
v 0.10500000 0.18186533 -14.32500000
v 0.10500000 0.18186533 -13.67500000
v 0.08036352 0.19401470 -14.32500000
v 0.08036352 0.19401470 -13.67500000
v 0.05435200 0.20284442 -14.32500000
v 0.05435200 0.20284442 -13.67500000
v 0.02741050 0.20820342 -14.32500000
v 0.02741050 0.20820342 -13.67500000
v 0.00000000 0.21000000 -14.32500000
v 0.00000000 0.21000000 -13.67500000
v -0.02741050 0.20820342 -14.32500000
v -0.02741050 0.20820342 -13.67500000
v -0.05435200 0.20284442 -14.32500000
v -0.05435200 0.20284442 -13.67500000
v -0.08036352 0.19401470 -14.32500000
v -0.08036352 0.19401470 -13.67500000
v -0.10500000 0.18186533 -14.32500000
v -0.10500000 0.18186533 -13.67500000
v -0.12783990 0.16660420 -14.32500000
v -0.12783990 0.16660420 -13.67500000
v -0.14849242 0.14849242 -14.32500000
v -0.14849242 0.14849242 -13.67500000
v -0.16660420 0.12783990 -14.32500000
v -0.16660420 0.12783990 -13.67500000
v -0.18186533 0.10500000 -14.32500000
v -0.18186533 0.10500000 -13.67500000
v -0.19401470 0.08036352 -14.32500000
v -0.19401470 0.08036352 -13.67500000
v -0.20284442 0.05435200 -14.32500000
v -0.20284442 0.05435200 -13.67500000
v -0.20820342 0.02741050 -14.32500000
v -0.20820342 0.02741050 -13.67500000
v -0.21000000 0.00000000 -14.32500000
v -0.21000000 0.00000000 -13.67500000
v -0.20820342 -0.02741050 -14.32500000
v -0.20820342 -0.02741050 -13.67500000
v -0.20284442 -0.05435200 -14.32500000
v -0.20284442 -0.05435200 -13.67500000
v -0.19401470 -0.08036352 -14.32500000
v -0.19401470 -0.08036352 -13.67500000
v -0.18186533 -0.10500000 -14.32500000
v -0.18186533 -0.10500000 -13.67500000
v -0.16660420 -0.12783990 -14.32500000
v -0.16660420 -0.12783990 -13.67500000
v -0.14849242 -0.14849242 -14.32500000
v -0.14849242 -0.14849242 -13.67500000
v -0.12783990 -0.16660420 -14.32500000
v -0.12783990 -0.16660420 -13.67500000
v -0.10500000 -0.18186533 -14.32500000
v -0.10500000 -0.18186533 -13.67500000
v -0.08036352 -0.19401470 -14.32500000
v -0.08036352 -0.19401470 -13.67500000
v -0.05435200 -0.20284442 -14.32500000
v -0.05435200 -0.20284442 -13.67500000
v -0.02741050 -0.20820342 -14.32500000
v -0.02741050 -0.20820342 -13.67500000
v -0.00000000 -0.21000000 -14.32500000
v -0.00000000 -0.21000000 -13.67500000
v 0.02741050 -0.20820342 -14.32500000
v 0.02741050 -0.20820342 -13.67500000
v 0.05435200 -0.20284442 -14.32500000
v 0.05435200 -0.20284442 -13.67500000
v 0.08036352 -0.19401470 -14.32500000
v 0.08036352 -0.19401470 -13.67500000
v 0.10500000 -0.18186533 -14.32500000
v 0.10500000 -0.18186533 -13.67500000
v 0.12783990 -0.16660420 -14.32500000
v 0.12783990 -0.16660420 -13.67500000
v 0.14849242 -0.14849242 -14.32500000
v 0.14849242 -0.14849242 -13.67500000
v 0.16660420 -0.12783990 -14.32500000
v 0.16660420 -0.12783990 -13.67500000
v 0.18186533 -0.10500000 -14.32500000
v 0.18186533 -0.10500000 -13.67500000
v 0.19401470 -0.08036352 -14.32500000
v 0.19401470 -0.08036352 -13.67500000
v 0.20284442 -0.05435200 -14.32500000
v 0.20284442 -0.05435200 -13.67500000
v 0.20820342 -0.02741050 -14.32500000
v 0.20820342 -0.02741050 -13.67500000
f 1282 1281 1285
f 1282 1285 1283
f 1283 1285 1286
f 1283 1286 1284
f 1285 1281 1287
f 1285 1287 1286
f 1286 1287 1288
f 1286 1288 1284
f 1287 1281 1289
f 1287 1289 1288
f 1288 1289 1290
f 1288 1290 1284
f 1289 1281 1291
f 1289 1291 1290
f 1290 1291 1292
f 1290 1292 1284
f 1291 1281 1293
f 1291 1293 1292
f 1292 1293 1294
f 1292 1294 1284
f 1293 1281 1295
f 1293 1295 1294
f 1294 1295 1296
f 1294 1296 1284
f 1295 1281 1297
f 1295 1297 1296
f 1296 1297 1298
f 1296 1298 1284
f 1297 1281 1299
f 1297 1299 1298
f 1298 1299 1300
f 1298 1300 1284
f 1299 1281 1301
f 1299 1301 1300
f 1300 1301 1302
f 1300 1302 1284
f 1301 1281 1303
f 1301 1303 1302
f 1302 1303 1304
f 1302 1304 1284
f 1303 1281 1305
f 1303 1305 1304
f 1304 1305 1306
f 1304 1306 1284
f 1305 1281 1307
f 1305 1307 1306
f 1306 1307 1308
f 1306 1308 1284
f 1307 1281 1309
f 1307 1309 1308
f 1308 1309 1310
f 1308 1310 1284
f 1309 1281 1311
f 1309 1311 1310
f 1310 1311 1312
f 1310 1312 1284
f 1311 1281 1313
f 1311 1313 1312
f 1312 1313 1314
f 1312 1314 1284
f 1313 1281 1315
f 1313 1315 1314
f 1314 1315 1316
f 1314 1316 1284
f 1315 1281 1317
f 1315 1317 1316
f 1316 1317 1318
f 1316 1318 1284
f 1317 1281 1319
f 1317 1319 1318
f 1318 1319 1320
f 1318 1320 1284
f 1319 1281 1321
f 1319 1321 1320
f 1320 1321 1322
f 1320 1322 1284
f 1321 1281 1323
f 1321 1323 1322
f 1322 1323 1324
f 1322 1324 1284
f 1323 1281 1325
f 1323 1325 1324
f 1324 1325 1326
f 1324 1326 1284
f 1325 1281 1327
f 1325 1327 1326
f 1326 1327 1328
f 1326 1328 1284
f 1327 1281 1329
f 1327 1329 1328
f 1328 1329 1330
f 1328 1330 1284
f 1329 1281 1331
f 1329 1331 1330
f 1330 1331 1332
f 1330 1332 1284
f 1331 1281 1333
f 1331 1333 1332
f 1332 1333 1334
f 1332 1334 1284
f 1333 1281 1335
f 1333 1335 1334
f 1334 1335 1336
f 1334 1336 1284
f 1335 1281 1337
f 1335 1337 1336
f 1336 1337 1338
f 1336 1338 1284
f 1337 1281 1339
f 1337 1339 1338
f 1338 1339 1340
f 1338 1340 1284
f 1339 1281 1341
f 1339 1341 1340
f 1340 1341 1342
f 1340 1342 1284
f 1341 1281 1343
f 1341 1343 1342
f 1342 1343 1344
f 1342 1344 1284
f 1343 1281 1345
f 1343 1345 1344
f 1344 1345 1346
f 1344 1346 1284
f 1345 1281 1347
f 1345 1347 1346
f 1346 1347 1348
f 1346 1348 1284
f 1347 1281 1349
f 1347 1349 1348
f 1348 1349 1350
f 1348 1350 1284
f 1349 1281 1351
f 1349 1351 1350
f 1350 1351 1352
f 1350 1352 1284
f 1351 1281 1353
f 1351 1353 1352
f 1352 1353 1354
f 1352 1354 1284
f 1353 1281 1355
f 1353 1355 1354
f 1354 1355 1356
f 1354 1356 1284
f 1355 1281 1357
f 1355 1357 1356
f 1356 1357 1358
f 1356 1358 1284
f 1357 1281 1359
f 1357 1359 1358
f 1358 1359 1360
f 1358 1360 1284
f 1359 1281 1361
f 1359 1361 1360
f 1360 1361 1362
f 1360 1362 1284
f 1361 1281 1363
f 1361 1363 1362
f 1362 1363 1364
f 1362 1364 1284
f 1363 1281 1365
f 1363 1365 1364
f 1364 1365 1366
f 1364 1366 1284
f 1365 1281 1367
f 1365 1367 1366
f 1366 1367 1368
f 1366 1368 1284
f 1367 1281 1369
f 1367 1369 1368
f 1368 1369 1370
f 1368 1370 1284
f 1369 1281 1371
f 1369 1371 1370
f 1370 1371 1372
f 1370 1372 1284
f 1371 1281 1373
f 1371 1373 1372
f 1372 1373 1374
f 1372 1374 1284
f 1373 1281 1375
f 1373 1375 1374
f 1374 1375 1376
f 1374 1376 1284
f 1375 1281 1377
f 1375 1377 1376
f 1376 1377 1378
f 1376 1378 1284
f 1377 1281 1282
f 1377 1282 1378
f 1378 1282 1283
f 1378 1283 1284

o geometry_59
v 0.00000000 0.00000000 -19.20000000
v 0.34000000 0.00000000 -19.20000000
v 0.34000000 0.00000000 0.00000000
v 0.00000000 0.00000000 0.00000000
v 0.33709125 0.04437891 -19.20000000
v 0.33709125 0.04437891 0.00000000
v 0.32841478 0.08799848 -19.20000000
v 0.32841478 0.08799848 0.00000000
v 0.31411904 0.13011237 -19.20000000
v 0.31411904 0.13011237 0.00000000
v 0.29444864 0.17000000 -19.20000000
v 0.29444864 0.17000000 0.00000000
v 0.26974014 0.20697889 -19.20000000
v 0.26974014 0.20697889 0.00000000
v 0.24041631 0.24041631 -19.20000000
v 0.24041631 0.24041631 0.00000000
v 0.20697889 0.26974014 -19.20000000
v 0.20697889 0.26974014 0.00000000
v 0.17000000 0.29444864 -19.20000000
v 0.17000000 0.29444864 0.00000000
v 0.13011237 0.31411904 -19.20000000
v 0.13011237 0.31411904 0.00000000
v 0.08799848 0.32841478 -19.20000000
v 0.08799848 0.32841478 0.00000000
v 0.04437891 0.33709125 -19.20000000
v 0.04437891 0.33709125 0.00000000
v 0.00000000 0.34000000 -19.20000000
v 0.00000000 0.34000000 0.00000000
v -0.04437891 0.33709125 -19.20000000
v -0.04437891 0.33709125 0.00000000
v -0.08799848 0.32841478 -19.20000000
v -0.08799848 0.32841478 0.00000000
v -0.13011237 0.31411904 -19.20000000
v -0.13011237 0.31411904 0.00000000
v -0.17000000 0.29444864 -19.20000000
v -0.17000000 0.29444864 0.00000000
v -0.20697889 0.26974014 -19.20000000
v -0.20697889 0.26974014 0.00000000
v -0.24041631 0.24041631 -19.20000000
v -0.24041631 0.24041631 0.00000000
v -0.26974014 0.20697889 -19.20000000
v -0.26974014 0.20697889 0.00000000
v -0.29444864 0.17000000 -19.20000000
v -0.29444864 0.17000000 0.00000000
v -0.31411904 0.13011237 -19.20000000
v -0.31411904 0.13011237 0.00000000
v -0.32841478 0.08799848 -19.20000000
v -0.32841478 0.08799848 0.00000000
v -0.33709125 0.04437891 -19.20000000
v -0.33709125 0.04437891 0.00000000
v -0.34000000 0.00000000 -19.20000000
v -0.34000000 0.00000000 0.00000000
v -0.33709125 -0.04437891 -19.20000000
v -0.33709125 -0.04437891 0.00000000
v -0.32841478 -0.08799848 -19.20000000
v -0.32841478 -0.08799848 0.00000000
v -0.31411904 -0.13011237 -19.20000000
v -0.31411904 -0.13011237 0.00000000
v -0.29444864 -0.17000000 -19.20000000
v -0.29444864 -0.17000000 0.00000000
v -0.26974014 -0.20697889 -19.20000000
v -0.26974014 -0.20697889 0.00000000
v -0.24041631 -0.24041631 -19.20000000
v -0.24041631 -0.24041631 0.00000000
v -0.20697889 -0.26974014 -19.20000000
v -0.20697889 -0.26974014 0.00000000
v -0.17000000 -0.29444864 -19.20000000
v -0.17000000 -0.29444864 0.00000000
v -0.13011237 -0.31411904 -19.20000000
v -0.13011237 -0.31411904 0.00000000
v -0.08799848 -0.32841478 -19.20000000
v -0.08799848 -0.32841478 0.00000000
v -0.04437891 -0.33709125 -19.20000000
v -0.04437891 -0.33709125 0.00000000
v -0.00000000 -0.34000000 -19.20000000
v -0.00000000 -0.34000000 0.00000000
v 0.04437891 -0.33709125 -19.20000000
v 0.04437891 -0.33709125 0.00000000
v 0.08799848 -0.32841478 -19.20000000
v 0.08799848 -0.32841478 0.00000000
v 0.13011237 -0.31411904 -19.20000000
v 0.13011237 -0.31411904 0.00000000
v 0.17000000 -0.29444864 -19.20000000
v 0.17000000 -0.29444864 0.00000000
v 0.20697889 -0.26974014 -19.20000000
v 0.20697889 -0.26974014 0.00000000
v 0.24041631 -0.24041631 -19.20000000
v 0.24041631 -0.24041631 0.00000000
v 0.26974014 -0.20697889 -19.20000000
v 0.26974014 -0.20697889 0.00000000
v 0.29444864 -0.17000000 -19.20000000
v 0.29444864 -0.17000000 0.00000000
v 0.31411904 -0.13011237 -19.20000000
v 0.31411904 -0.13011237 0.00000000
v 0.32841478 -0.08799848 -19.20000000
v 0.32841478 -0.08799848 0.00000000
v 0.33709125 -0.04437891 -19.20000000
v 0.33709125 -0.04437891 0.00000000
f 1380 1379 1383
f 1380 1383 1381
f 1381 1383 1384
f 1381 1384 1382
f 1383 1379 1385
f 1383 1385 1384
f 1384 1385 1386
f 1384 1386 1382
f 1385 1379 1387
f 1385 1387 1386
f 1386 1387 1388
f 1386 1388 1382
f 1387 1379 1389
f 1387 1389 1388
f 1388 1389 1390
f 1388 1390 1382
f 1389 1379 1391
f 1389 1391 1390
f 1390 1391 1392
f 1390 1392 1382
f 1391 1379 1393
f 1391 1393 1392
f 1392 1393 1394
f 1392 1394 1382
f 1393 1379 1395
f 1393 1395 1394
f 1394 1395 1396
f 1394 1396 1382
f 1395 1379 1397
f 1395 1397 1396
f 1396 1397 1398
f 1396 1398 1382
f 1397 1379 1399
f 1397 1399 1398
f 1398 1399 1400
f 1398 1400 1382
f 1399 1379 1401
f 1399 1401 1400
f 1400 1401 1402
f 1400 1402 1382
f 1401 1379 1403
f 1401 1403 1402
f 1402 1403 1404
f 1402 1404 1382
f 1403 1379 1405
f 1403 1405 1404
f 1404 1405 1406
f 1404 1406 1382
f 1405 1379 1407
f 1405 1407 1406
f 1406 1407 1408
f 1406 1408 1382
f 1407 1379 1409
f 1407 1409 1408
f 1408 1409 1410
f 1408 1410 1382
f 1409 1379 1411
f 1409 1411 1410
f 1410 1411 1412
f 1410 1412 1382
f 1411 1379 1413
f 1411 1413 1412
f 1412 1413 1414
f 1412 1414 1382
f 1413 1379 1415
f 1413 1415 1414
f 1414 1415 1416
f 1414 1416 1382
f 1415 1379 1417
f 1415 1417 1416
f 1416 1417 1418
f 1416 1418 1382
f 1417 1379 1419
f 1417 1419 1418
f 1418 1419 1420
f 1418 1420 1382
f 1419 1379 1421
f 1419 1421 1420
f 1420 1421 1422
f 1420 1422 1382
f 1421 1379 1423
f 1421 1423 1422
f 1422 1423 1424
f 1422 1424 1382
f 1423 1379 1425
f 1423 1425 1424
f 1424 1425 1426
f 1424 1426 1382
f 1425 1379 1427
f 1425 1427 1426
f 1426 1427 1428
f 1426 1428 1382
f 1427 1379 1429
f 1427 1429 1428
f 1428 1429 1430
f 1428 1430 1382
f 1429 1379 1431
f 1429 1431 1430
f 1430 1431 1432
f 1430 1432 1382
f 1431 1379 1433
f 1431 1433 1432
f 1432 1433 1434
f 1432 1434 1382
f 1433 1379 1435
f 1433 1435 1434
f 1434 1435 1436
f 1434 1436 1382
f 1435 1379 1437
f 1435 1437 1436
f 1436 1437 1438
f 1436 1438 1382
f 1437 1379 1439
f 1437 1439 1438
f 1438 1439 1440
f 1438 1440 1382
f 1439 1379 1441
f 1439 1441 1440
f 1440 1441 1442
f 1440 1442 1382
f 1441 1379 1443
f 1441 1443 1442
f 1442 1443 1444
f 1442 1444 1382
f 1443 1379 1445
f 1443 1445 1444
f 1444 1445 1446
f 1444 1446 1382
f 1445 1379 1447
f 1445 1447 1446
f 1446 1447 1448
f 1446 1448 1382
f 1447 1379 1449
f 1447 1449 1448
f 1448 1449 1450
f 1448 1450 1382
f 1449 1379 1451
f 1449 1451 1450
f 1450 1451 1452
f 1450 1452 1382
f 1451 1379 1453
f 1451 1453 1452
f 1452 1453 1454
f 1452 1454 1382
f 1453 1379 1455
f 1453 1455 1454
f 1454 1455 1456
f 1454 1456 1382
f 1455 1379 1457
f 1455 1457 1456
f 1456 1457 1458
f 1456 1458 1382
f 1457 1379 1459
f 1457 1459 1458
f 1458 1459 1460
f 1458 1460 1382
f 1459 1379 1461
f 1459 1461 1460
f 1460 1461 1462
f 1460 1462 1382
f 1461 1379 1463
f 1461 1463 1462
f 1462 1463 1464
f 1462 1464 1382
f 1463 1379 1465
f 1463 1465 1464
f 1464 1465 1466
f 1464 1466 1382
f 1465 1379 1467
f 1465 1467 1466
f 1466 1467 1468
f 1466 1468 1382
f 1467 1379 1469
f 1467 1469 1468
f 1468 1469 1470
f 1468 1470 1382
f 1469 1379 1471
f 1469 1471 1470
f 1470 1471 1472
f 1470 1472 1382
f 1471 1379 1473
f 1471 1473 1472
f 1472 1473 1474
f 1472 1474 1382
f 1473 1379 1475
f 1473 1475 1474
f 1474 1475 1476
f 1474 1476 1382
f 1475 1379 1380
f 1475 1380 1476
f 1476 1380 1381
f 1476 1381 1382

o geometry_60
v 0.00000000 0.00000000 -0.12500000
v 0.65000000 0.00000000 -0.12500000
v 0.65000000 0.00000000 0.32500000
v 0.00000000 0.00000000 0.32500000
v 0.64443916 0.08484202 -0.12500000
v 0.64443916 0.08484202 0.32500000
v 0.62785179 0.16823238 -0.12500000
v 0.62785179 0.16823238 0.32500000
v 0.60052170 0.24874423 -0.12500000
v 0.60052170 0.24874423 0.32500000
v 0.56291651 0.32500000 -0.12500000
v 0.56291651 0.32500000 0.32500000
v 0.51567967 0.39569493 -0.12500000
v 0.51567967 0.39569493 0.32500000
v 0.45961941 0.45961941 -0.12500000
v 0.45961941 0.45961941 0.32500000
v 0.39569493 0.51567967 -0.12500000
v 0.39569493 0.51567967 0.32500000
v 0.32500000 0.56291651 -0.12500000
v 0.32500000 0.56291651 0.32500000
v 0.24874423 0.60052170 -0.12500000
v 0.24874423 0.60052170 0.32500000
v 0.16823238 0.62785179 -0.12500000
v 0.16823238 0.62785179 0.32500000
v 0.08484202 0.64443916 -0.12500000
v 0.08484202 0.64443916 0.32500000
v 0.00000000 0.65000000 -0.12500000
v 0.00000000 0.65000000 0.32500000
v -0.08484202 0.64443916 -0.12500000
v -0.08484202 0.64443916 0.32500000
v -0.16823238 0.62785179 -0.12500000
v -0.16823238 0.62785179 0.32500000
v -0.24874423 0.60052170 -0.12500000
v -0.24874423 0.60052170 0.32500000
v -0.32500000 0.56291651 -0.12500000
v -0.32500000 0.56291651 0.32500000
v -0.39569493 0.51567967 -0.12500000
v -0.39569493 0.51567967 0.32500000
v -0.45961941 0.45961941 -0.12500000
v -0.45961941 0.45961941 0.32500000
v -0.51567967 0.39569493 -0.12500000
v -0.51567967 0.39569493 0.32500000
v -0.56291651 0.32500000 -0.12500000
v -0.56291651 0.32500000 0.32500000
v -0.60052170 0.24874423 -0.12500000
v -0.60052170 0.24874423 0.32500000
v -0.62785179 0.16823238 -0.12500000
v -0.62785179 0.16823238 0.32500000
v -0.64443916 0.08484202 -0.12500000
v -0.64443916 0.08484202 0.32500000
v -0.65000000 0.00000000 -0.12500000
v -0.65000000 0.00000000 0.32500000
v -0.64443916 -0.08484202 -0.12500000
v -0.64443916 -0.08484202 0.32500000
v -0.62785179 -0.16823238 -0.12500000
v -0.62785179 -0.16823238 0.32500000
v -0.60052170 -0.24874423 -0.12500000
v -0.60052170 -0.24874423 0.32500000
v -0.56291651 -0.32500000 -0.12500000
v -0.56291651 -0.32500000 0.32500000
v -0.51567967 -0.39569493 -0.12500000
v -0.51567967 -0.39569493 0.32500000
v -0.45961941 -0.45961941 -0.12500000
v -0.45961941 -0.45961941 0.32500000
v -0.39569493 -0.51567967 -0.12500000
v -0.39569493 -0.51567967 0.32500000
v -0.32500000 -0.56291651 -0.12500000
v -0.32500000 -0.56291651 0.32500000
v -0.24874423 -0.60052170 -0.12500000
v -0.24874423 -0.60052170 0.32500000
v -0.16823238 -0.62785179 -0.12500000
v -0.16823238 -0.62785179 0.32500000
v -0.08484202 -0.64443916 -0.12500000
v -0.08484202 -0.64443916 0.32500000
v -0.00000000 -0.65000000 -0.12500000
v -0.00000000 -0.65000000 0.32500000
v 0.08484202 -0.64443916 -0.12500000
v 0.08484202 -0.64443916 0.32500000
v 0.16823238 -0.62785179 -0.12500000
v 0.16823238 -0.62785179 0.32500000
v 0.24874423 -0.60052170 -0.12500000
v 0.24874423 -0.60052170 0.32500000
v 0.32500000 -0.56291651 -0.12500000
v 0.32500000 -0.56291651 0.32500000
v 0.39569493 -0.51567967 -0.12500000
v 0.39569493 -0.51567967 0.32500000
v 0.45961941 -0.45961941 -0.12500000
v 0.45961941 -0.45961941 0.32500000
v 0.51567967 -0.39569493 -0.12500000
v 0.51567967 -0.39569493 0.32500000
v 0.56291651 -0.32500000 -0.12500000
v 0.56291651 -0.32500000 0.32500000
v 0.60052170 -0.24874423 -0.12500000
v 0.60052170 -0.24874423 0.32500000
v 0.62785179 -0.16823238 -0.12500000
v 0.62785179 -0.16823238 0.32500000
v 0.64443916 -0.08484202 -0.12500000
v 0.64443916 -0.08484202 0.32500000
f 1478 1477 1481
f 1478 1481 1479
f 1479 1481 1482
f 1479 1482 1480
f 1481 1477 1483
f 1481 1483 1482
f 1482 1483 1484
f 1482 1484 1480
f 1483 1477 1485
f 1483 1485 1484
f 1484 1485 1486
f 1484 1486 1480
f 1485 1477 1487
f 1485 1487 1486
f 1486 1487 1488
f 1486 1488 1480
f 1487 1477 1489
f 1487 1489 1488
f 1488 1489 1490
f 1488 1490 1480
f 1489 1477 1491
f 1489 1491 1490
f 1490 1491 1492
f 1490 1492 1480
f 1491 1477 1493
f 1491 1493 1492
f 1492 1493 1494
f 1492 1494 1480
f 1493 1477 1495
f 1493 1495 1494
f 1494 1495 1496
f 1494 1496 1480
f 1495 1477 1497
f 1495 1497 1496
f 1496 1497 1498
f 1496 1498 1480
f 1497 1477 1499
f 1497 1499 1498
f 1498 1499 1500
f 1498 1500 1480
f 1499 1477 1501
f 1499 1501 1500
f 1500 1501 1502
f 1500 1502 1480
f 1501 1477 1503
f 1501 1503 1502
f 1502 1503 1504
f 1502 1504 1480
f 1503 1477 1505
f 1503 1505 1504
f 1504 1505 1506
f 1504 1506 1480
f 1505 1477 1507
f 1505 1507 1506
f 1506 1507 1508
f 1506 1508 1480
f 1507 1477 1509
f 1507 1509 1508
f 1508 1509 1510
f 1508 1510 1480
f 1509 1477 1511
f 1509 1511 1510
f 1510 1511 1512
f 1510 1512 1480
f 1511 1477 1513
f 1511 1513 1512
f 1512 1513 1514
f 1512 1514 1480
f 1513 1477 1515
f 1513 1515 1514
f 1514 1515 1516
f 1514 1516 1480
f 1515 1477 1517
f 1515 1517 1516
f 1516 1517 1518
f 1516 1518 1480
f 1517 1477 1519
f 1517 1519 1518
f 1518 1519 1520
f 1518 1520 1480
f 1519 1477 1521
f 1519 1521 1520
f 1520 1521 1522
f 1520 1522 1480
f 1521 1477 1523
f 1521 1523 1522
f 1522 1523 1524
f 1522 1524 1480
f 1523 1477 1525
f 1523 1525 1524
f 1524 1525 1526
f 1524 1526 1480
f 1525 1477 1527
f 1525 1527 1526
f 1526 1527 1528
f 1526 1528 1480
f 1527 1477 1529
f 1527 1529 1528
f 1528 1529 1530
f 1528 1530 1480
f 1529 1477 1531
f 1529 1531 1530
f 1530 1531 1532
f 1530 1532 1480
f 1531 1477 1533
f 1531 1533 1532
f 1532 1533 1534
f 1532 1534 1480
f 1533 1477 1535
f 1533 1535 1534
f 1534 1535 1536
f 1534 1536 1480
f 1535 1477 1537
f 1535 1537 1536
f 1536 1537 1538
f 1536 1538 1480
f 1537 1477 1539
f 1537 1539 1538
f 1538 1539 1540
f 1538 1540 1480
f 1539 1477 1541
f 1539 1541 1540
f 1540 1541 1542
f 1540 1542 1480
f 1541 1477 1543
f 1541 1543 1542
f 1542 1543 1544
f 1542 1544 1480
f 1543 1477 1545
f 1543 1545 1544
f 1544 1545 1546
f 1544 1546 1480
f 1545 1477 1547
f 1545 1547 1546
f 1546 1547 1548
f 1546 1548 1480
f 1547 1477 1549
f 1547 1549 1548
f 1548 1549 1550
f 1548 1550 1480
f 1549 1477 1551
f 1549 1551 1550
f 1550 1551 1552
f 1550 1552 1480
f 1551 1477 1553
f 1551 1553 1552
f 1552 1553 1554
f 1552 1554 1480
f 1553 1477 1555
f 1553 1555 1554
f 1554 1555 1556
f 1554 1556 1480
f 1555 1477 1557
f 1555 1557 1556
f 1556 1557 1558
f 1556 1558 1480
f 1557 1477 1559
f 1557 1559 1558
f 1558 1559 1560
f 1558 1560 1480
f 1559 1477 1561
f 1559 1561 1560
f 1560 1561 1562
f 1560 1562 1480
f 1561 1477 1563
f 1561 1563 1562
f 1562 1563 1564
f 1562 1564 1480
f 1563 1477 1565
f 1563 1565 1564
f 1564 1565 1566
f 1564 1566 1480
f 1565 1477 1567
f 1565 1567 1566
f 1566 1567 1568
f 1566 1568 1480
f 1567 1477 1569
f 1567 1569 1568
f 1568 1569 1570
f 1568 1570 1480
f 1569 1477 1571
f 1569 1571 1570
f 1570 1571 1572
f 1570 1572 1480
f 1571 1477 1573
f 1571 1573 1572
f 1572 1573 1574
f 1572 1574 1480
f 1573 1477 1478
f 1573 1478 1574
f 1574 1478 1479
f 1574 1479 1480

o geometry_61
v 0.00000000 0.00000000 0.28000000
v 0.52000000 0.00000000 0.28000000
v 0.52000000 0.00000000 0.68000000
v 0.00000000 0.00000000 0.68000000
v 0.51555133 0.06787362 0.28000000
v 0.51555133 0.06787362 0.68000000
v 0.50228143 0.13458590 0.28000000
v 0.50228143 0.13458590 0.68000000
v 0.48041736 0.19899538 0.28000000
v 0.48041736 0.19899538 0.68000000
v 0.45033321 0.26000000 0.28000000
v 0.45033321 0.26000000 0.68000000
v 0.41254374 0.31655594 0.28000000
v 0.41254374 0.31655594 0.68000000
v 0.36769553 0.36769553 0.28000000
v 0.36769553 0.36769553 0.68000000
v 0.31655594 0.41254374 0.28000000
v 0.31655594 0.41254374 0.68000000
v 0.26000000 0.45033321 0.28000000
v 0.26000000 0.45033321 0.68000000
v 0.19899538 0.48041736 0.28000000
v 0.19899538 0.48041736 0.68000000
v 0.13458590 0.50228143 0.28000000
v 0.13458590 0.50228143 0.68000000
v 0.06787362 0.51555133 0.28000000
v 0.06787362 0.51555133 0.68000000
v 0.00000000 0.52000000 0.28000000
v 0.00000000 0.52000000 0.68000000
v -0.06787362 0.51555133 0.28000000
v -0.06787362 0.51555133 0.68000000
v -0.13458590 0.50228143 0.28000000
v -0.13458590 0.50228143 0.68000000
v -0.19899538 0.48041736 0.28000000
v -0.19899538 0.48041736 0.68000000
v -0.26000000 0.45033321 0.28000000
v -0.26000000 0.45033321 0.68000000
v -0.31655594 0.41254374 0.28000000
v -0.31655594 0.41254374 0.68000000
v -0.36769553 0.36769553 0.28000000
v -0.36769553 0.36769553 0.68000000
v -0.41254374 0.31655594 0.28000000
v -0.41254374 0.31655594 0.68000000
v -0.45033321 0.26000000 0.28000000
v -0.45033321 0.26000000 0.68000000
v -0.48041736 0.19899538 0.28000000
v -0.48041736 0.19899538 0.68000000
v -0.50228143 0.13458590 0.28000000
v -0.50228143 0.13458590 0.68000000
v -0.51555133 0.06787362 0.28000000
v -0.51555133 0.06787362 0.68000000
v -0.52000000 0.00000000 0.28000000
v -0.52000000 0.00000000 0.68000000
v -0.51555133 -0.06787362 0.28000000
v -0.51555133 -0.06787362 0.68000000
v -0.50228143 -0.13458590 0.28000000
v -0.50228143 -0.13458590 0.68000000
v -0.48041736 -0.19899538 0.28000000
v -0.48041736 -0.19899538 0.68000000
v -0.45033321 -0.26000000 0.28000000
v -0.45033321 -0.26000000 0.68000000
v -0.41254374 -0.31655594 0.28000000
v -0.41254374 -0.31655594 0.68000000
v -0.36769553 -0.36769553 0.28000000
v -0.36769553 -0.36769553 0.68000000
v -0.31655594 -0.41254374 0.28000000
v -0.31655594 -0.41254374 0.68000000
v -0.26000000 -0.45033321 0.28000000
v -0.26000000 -0.45033321 0.68000000
v -0.19899538 -0.48041736 0.28000000
v -0.19899538 -0.48041736 0.68000000
v -0.13458590 -0.50228143 0.28000000
v -0.13458590 -0.50228143 0.68000000
v -0.06787362 -0.51555133 0.28000000
v -0.06787362 -0.51555133 0.68000000
v -0.00000000 -0.52000000 0.28000000
v -0.00000000 -0.52000000 0.68000000
v 0.06787362 -0.51555133 0.28000000
v 0.06787362 -0.51555133 0.68000000
v 0.13458590 -0.50228143 0.28000000
v 0.13458590 -0.50228143 0.68000000
v 0.19899538 -0.48041736 0.28000000
v 0.19899538 -0.48041736 0.68000000
v 0.26000000 -0.45033321 0.28000000
v 0.26000000 -0.45033321 0.68000000
v 0.31655594 -0.41254374 0.28000000
v 0.31655594 -0.41254374 0.68000000
v 0.36769553 -0.36769553 0.28000000
v 0.36769553 -0.36769553 0.68000000
v 0.41254374 -0.31655594 0.28000000
v 0.41254374 -0.31655594 0.68000000
v 0.45033321 -0.26000000 0.28000000
v 0.45033321 -0.26000000 0.68000000
v 0.48041736 -0.19899538 0.28000000
v 0.48041736 -0.19899538 0.68000000
v 0.50228143 -0.13458590 0.28000000
v 0.50228143 -0.13458590 0.68000000
v 0.51555133 -0.06787362 0.28000000
v 0.51555133 -0.06787362 0.68000000
f 1576 1575 1579
f 1576 1579 1577
f 1577 1579 1580
f 1577 1580 1578
f 1579 1575 1581
f 1579 1581 1580
f 1580 1581 1582
f 1580 1582 1578
f 1581 1575 1583
f 1581 1583 1582
f 1582 1583 1584
f 1582 1584 1578
f 1583 1575 1585
f 1583 1585 1584
f 1584 1585 1586
f 1584 1586 1578
f 1585 1575 1587
f 1585 1587 1586
f 1586 1587 1588
f 1586 1588 1578
f 1587 1575 1589
f 1587 1589 1588
f 1588 1589 1590
f 1588 1590 1578
f 1589 1575 1591
f 1589 1591 1590
f 1590 1591 1592
f 1590 1592 1578
f 1591 1575 1593
f 1591 1593 1592
f 1592 1593 1594
f 1592 1594 1578
f 1593 1575 1595
f 1593 1595 1594
f 1594 1595 1596
f 1594 1596 1578
f 1595 1575 1597
f 1595 1597 1596
f 1596 1597 1598
f 1596 1598 1578
f 1597 1575 1599
f 1597 1599 1598
f 1598 1599 1600
f 1598 1600 1578
f 1599 1575 1601
f 1599 1601 1600
f 1600 1601 1602
f 1600 1602 1578
f 1601 1575 1603
f 1601 1603 1602
f 1602 1603 1604
f 1602 1604 1578
f 1603 1575 1605
f 1603 1605 1604
f 1604 1605 1606
f 1604 1606 1578
f 1605 1575 1607
f 1605 1607 1606
f 1606 1607 1608
f 1606 1608 1578
f 1607 1575 1609
f 1607 1609 1608
f 1608 1609 1610
f 1608 1610 1578
f 1609 1575 1611
f 1609 1611 1610
f 1610 1611 1612
f 1610 1612 1578
f 1611 1575 1613
f 1611 1613 1612
f 1612 1613 1614
f 1612 1614 1578
f 1613 1575 1615
f 1613 1615 1614
f 1614 1615 1616
f 1614 1616 1578
f 1615 1575 1617
f 1615 1617 1616
f 1616 1617 1618
f 1616 1618 1578
f 1617 1575 1619
f 1617 1619 1618
f 1618 1619 1620
f 1618 1620 1578
f 1619 1575 1621
f 1619 1621 1620
f 1620 1621 1622
f 1620 1622 1578
f 1621 1575 1623
f 1621 1623 1622
f 1622 1623 1624
f 1622 1624 1578
f 1623 1575 1625
f 1623 1625 1624
f 1624 1625 1626
f 1624 1626 1578
f 1625 1575 1627
f 1625 1627 1626
f 1626 1627 1628
f 1626 1628 1578
f 1627 1575 1629
f 1627 1629 1628
f 1628 1629 1630
f 1628 1630 1578
f 1629 1575 1631
f 1629 1631 1630
f 1630 1631 1632
f 1630 1632 1578
f 1631 1575 1633
f 1631 1633 1632
f 1632 1633 1634
f 1632 1634 1578
f 1633 1575 1635
f 1633 1635 1634
f 1634 1635 1636
f 1634 1636 1578
f 1635 1575 1637
f 1635 1637 1636
f 1636 1637 1638
f 1636 1638 1578
f 1637 1575 1639
f 1637 1639 1638
f 1638 1639 1640
f 1638 1640 1578
f 1639 1575 1641
f 1639 1641 1640
f 1640 1641 1642
f 1640 1642 1578
f 1641 1575 1643
f 1641 1643 1642
f 1642 1643 1644
f 1642 1644 1578
f 1643 1575 1645
f 1643 1645 1644
f 1644 1645 1646
f 1644 1646 1578
f 1645 1575 1647
f 1645 1647 1646
f 1646 1647 1648
f 1646 1648 1578
f 1647 1575 1649
f 1647 1649 1648
f 1648 1649 1650
f 1648 1650 1578
f 1649 1575 1651
f 1649 1651 1650
f 1650 1651 1652
f 1650 1652 1578
f 1651 1575 1653
f 1651 1653 1652
f 1652 1653 1654
f 1652 1654 1578
f 1653 1575 1655
f 1653 1655 1654
f 1654 1655 1656
f 1654 1656 1578
f 1655 1575 1657
f 1655 1657 1656
f 1656 1657 1658
f 1656 1658 1578
f 1657 1575 1659
f 1657 1659 1658
f 1658 1659 1660
f 1658 1660 1578
f 1659 1575 1661
f 1659 1661 1660
f 1660 1661 1662
f 1660 1662 1578
f 1661 1575 1663
f 1661 1663 1662
f 1662 1663 1664
f 1662 1664 1578
f 1663 1575 1665
f 1663 1665 1664
f 1664 1665 1666
f 1664 1666 1578
f 1665 1575 1667
f 1665 1667 1666
f 1666 1667 1668
f 1666 1668 1578
f 1667 1575 1669
f 1667 1669 1668
f 1668 1669 1670
f 1668 1670 1578
f 1669 1575 1671
f 1669 1671 1670
f 1670 1671 1672
f 1670 1672 1578
f 1671 1575 1576
f 1671 1576 1672
f 1672 1576 1577
f 1672 1577 1578

